Index, Checkpoint Creation, Checkpoint Location, Permission Change, Image Creation, Image Push, Pod Ready, Total
1, 1228, 6, 17, 1064, 4064, 3371, 10057
2, 1215, 6, 18, 1190, 4129, 3422, 10296
3, 949, 5, 17, 1140, 4232, 4407, 11048
4, 1047, 6, 17, 1293, 4500, 4516, 11698
5, 1118, 7, 18, 1178, 4056, 4331, 11015
6, 1162, 6, 17, 1168, 3906, 4287, 10859
7, 929, 6, 17, 1236, 4488, 4004, 10988
8, 1106, 6, 18, 1207, 4047, 4128, 10832
9, 1213, 6, 19, 1214, 4055, 4194, 11013
10, 1048, 6, 17, 1240, 4060, 4156, 10849
11, 1037, 6, 17, 1187, 4220, 4198, 10965
12, 1063, 6, 18, 1120, 3999, 4350, 10868
13, 1047, 7, 18, 1154, 4061, 4392, 10962
14, 1020, 6, 17, 1130, 3993, 4426, 10918
15, 1053, 5, 16, 1190, 3920, 4431, 10917
16, 1166, 6, 17, 1234, 3993, 4193, 10913
17, 1010, 7, 17, 1108, 4398, 4060, 10890
18, 1099, 6, 18, 1187, 4332, 3972, 10942
19, 1073, 7, 18, 1286, 4259, 4837, 11762
20, 964, 6, 17, 1146, 4024, 3411, 9856
21, 1095, 5, 18, 1183, 4204, 3939, 10741
22, 1141, 6, 17, 1254, 3900, 4084, 10700
23, 1005, 6, 18, 1211, 3925, 4342, 10794
24, 1196, 6, 17, 1155, 3974, 4065, 10715
25, 1000, 5, 16, 1142, 4381, 4006, 10840
26, 1128, 5, 17, 1162, 4074, 4297, 11010
27, 1007, 6, 18, 1125, 3995, 4311, 10768
28, 1121, 7, 17, 1244, 4104, 4226, 11027
29, 1082, 6, 18, 1197, 4173, 3747, 10524
30, 1083, 6, 17, 1128, 3775, 4711, 11033
31, 1011, 7, 18, 1145, 4099, 4162, 10742
32, 1169, 6, 19, 1198, 4102, 3289, 10078
33, 879, 6, 17, 1135, 4111, 4179, 10638
34, 1087, 6, 18, 1131, 4034, 4332, 10918
35, 917, 6, 17, 1304, 4433, 3680, 10684
36, 1063, 6, 18, 1128, 4077, 4335, 10942
37, 983, 6, 18, 1222, 4010, 4226, 10769
38, 1031, 6, 18, 1180, 4106, 4391, 11040
39, 971, 7, 17, 1071, 3982, 4158, 10487
40, 1075, 6, 18, 1144, 4073, 4409, 11057
41, 986, 5, 18, 1169, 4399, 3759, 10638
42, 979, 6, 18, 1186, 4225, 4231, 10956
43, 987, 6, 19, 1153, 4193, 3995, 10663
44, 999, 6, 18, 1159, 4058, 4522, 11070
45, 1034, 6, 18, 1174, 4331, 3873, 10740
46, 1001, 7, 19, 1237, 4174, 4287, 11055
47, 984, 7, 18, 1184, 4301, 3664, 10486
48, 1034, 6, 16, 1226, 4159, 4246, 11012
49, 1109, 8, 20, 1260, 4518, 4374, 11602
50, 1065, 8, 20, 1234, 4085, 4214, 10948
51, 1078, 8, 19, 1305, 4095, 4764, 11578
52, 1055, 8, 18, 1218, 4059, 4296, 10995
53, 1112, 6, 15, 1324, 4365, 4452, 11567
54, 1024, 7, 20, 1290, 4675, 4518, 11888
55, 1083, 6, 24, 1263, 4414, 4570, 11667
56, 1076, 7, 21, 1282, 4566, 4709, 12006
57, 975, 8, 21, 1211, 4190, 3919, 10667
58, 1144, 7, 22, 1112, 4531, 3832, 10975
59, 1006, 7, 19, 1331, 4321, 3517, 10533
60, 1063, 7, 19, 1276, 4612, 3788, 11101
61, 986, 8, 18, 1194, 4283, 5738, 12533
62, 1181, 9, 21, 1339, 4465, 3668, 11002
63, 1077, 9, 17, 1234, 4327, 4547, 11551
64, 1129, 8, 25, 1198, 4485, 3807, 10996
65, 1006, 8, 17, 1314, 4588, 4310, 11558
66, 1050, 7, 19, 1207, 4344, 3786, 10744
67, 964, 7, 20, 1269, 4001, 3902, 10501
68, 1078, 8, 19, 1284, 4424, 3850, 10996
69, 946, 7, 20, 1238, 4383, 3512, 10434
70, 1119, 6, 20, 1266, 4321, 3634, 10707
71, 1055, 6, 19, 1194, 4220, 4717, 11549
72, 1119, 7, 20, 1234, 4431, 3851, 10997
73, 1068, 6, 21, 1296, 4212, 3621, 10539
74, 1204, 6, 20, 1249, 4210, 3959, 10982
75, 1018, 6, 19, 1216, 4527, 4427, 11542
76, 1143, 6, 20, 1178, 4552, 3802, 11028
77, 987, 9, 18, 1293, 4323, 4610, 11586
78, 1103, 6, 19, 1241, 4600, 3812, 11098
79, 1043, 8, 20, 1252, 4231, 4629, 11521
80, 1201, 7, 19, 1275, 4246, 3902, 10990
81, 1057, 6, 19, 1230, 4279, 4653, 11565
82, 1171, 7, 22, 1230, 4293, 3620, 10691
83, 1015, 7, 19, 1233, 4559, 4435, 11592
84, 1095, 9, 19, 1441, 4561, 3473, 10926
85, 999, 6, 19, 1238, 4217, 3925, 10743
86, 1072, 8, 20, 1178, 4356, 3855, 10817
87, 1054, 7, 18, 1310, 4514, 4384, 11605
88, 1117, 8, 20, 1237, 4702, 3500, 10942
89, 987, 6, 18, 1295, 4520, 4442, 11619
90, 1092, 6, 20, 1323, 4288, 4830, 11891
91, 1168, 7, 19, 1271, 4488, 4457, 11739
92, 1129, 6, 20, 1363, 4269, 4169, 11285
93, 1028, 7, 17, 1283, 4452, 4309, 11417
94, 1109, 7, 18, 1200, 4243, 3448, 10354
95, 931, 7, 19, 1189, 4275, 4561, 11300
96, 1127, 9, 19, 1240, 4324, 3989, 11023
97, 1011, 8, 18, 1277, 4496, 4233, 11378
98, 1048, 8, 20, 1176, 4671, 3927, 11197
99, 981, 6, 17, 1207, 4245, 4553, 11342
100, 1094, 7, 20, 1318, 4522, 3847, 11145
101, 971, 9, 21, 1317, 4291, 4433, 11377
102, 1109, 8, 22, 1271, 4568, 3809, 11105
103, 1028, 6, 19, 1158, 4506, 4407, 11441
104, 1026, 9, 17, 1295, 4307, 4943, 11949
105, 1014, 8, 18, 1336, 4167, 3566, 10428
106, 1047, 7, 20, 1265, 4200, 3920, 10794
107, 938, 7, 19, 1311, 4131, 4669, 11419
108, 1053, 7, 21, 1176, 4516, 3486, 10613
109, 954, 9, 20, 1264, 4731, 3676, 10999
110, 1103, 7, 20, 1400, 4701, 4006, 11594
111, 1025, 8, 20, 1304, 4424, 4754, 11882
112, 1013, 7, 21, 1232, 4801, 4325, 11721
113, 932, 8, 20, 1297, 4349, 4856, 11794
114, 1015, 9, 22, 1424, 4412, 3369, 10603
115, 994, 9, 23, 1203, 4299, 4002, 10883
116, 939, 6, 18, 1324, 4554, 3423, 10616
117, 981, 8, 20, 1230, 4356, 3750, 10670
118, 977, 9, 21, 1271, 4534, 3430, 10570
119, 973, 6, 22, 1214, 4714, 4652, 11922
120, 992, 6, 19, 1164, 4628, 4167, 11286
121, 986, 7, 22, 1368, 4739, 4451, 11940
122, 1054, 9, 22, 1493, 4877, 4750, 12552
123, 990, 8, 16, 1271, 4449, 3913, 11002
124, 1138, 7, 22, 1118, 4593, 4259, 11502
125, 980, 8, 20, 1236, 4337, 4129, 11059
126, 1092, 8, 25, 1259, 4655, 4162, 11541
127, 976, 9, 20, 1348, 4441, 3885, 11033
128, 1148, 8, 20, 1289, 4567, 3960, 11353
129, 1073, 8, 19, 1210, 4452, 3902, 11015
130, 1155, 7, 22, 1177, 4536, 4192, 11448
131, 982, 8, 22, 1276, 4611, 4822, 12054
132, 1164, 7, 20, 1263, 4478, 4214, 11478
133, 1072, 7, 18, 1281, 4230, 3946, 10889
134, 1025, 7, 20, 1369, 4579, 4107, 11456
135, 982, 9, 17, 1216, 4527, 3961, 11076
136, 1164, 8, 21, 1305, 4396, 4196, 11438
137, 1000, 8, 19, 1184, 4322, 4267, 11102
138, 1264, 8, 23, 1266, 4520, 3879, 11323
139, 992, 9, 22, 1356, 4794, 4582, 12100
140, 929, 8, 20, 1264, 4990, 3894, 11413
141, 991, 6, 18, 1268, 4996, 4546, 12130
142, 1077, 8, 23, 1357, 4970, 4630, 12416
143, 1051, 8, 20, 1268, 4660, 3806, 11152
144, 1058, 8, 21, 1230, 4571, 4145, 11379
145, 996, 8, 21, 1239, 5097, 4441, 12166
146, 1125, 8, 21, 1357, 4943, 3560, 11350
147, 996, 8, 22, 1353, 4993, 4455, 12176
148, 1117, 8, 22, 1311, 4746, 3780, 11306
149, 992, 6, 15, 1128, 4825, 3924, 11220
150, 1084, 8, 19, 1320, 4653, 3766, 11187
151, 1134, 6, 18, 1233, 4871, 3662, 11225
152, 1147, 8, 19, 1435, 4564, 3669, 11176
153, 1002, 6, 18, 1359, 4786, 4418, 11937
154, 1133, 8, 21, 1273, 5308, 3243, 11317
155, 1048, 8, 18, 1282, 4520, 4156, 11364
156, 1123, 9, 22, 1260, 4731, 3679, 11159
157, 1166, 5, 19, 1266, 4486, 3833, 11102
158, 1110, 8, 20, 1241, 4912, 3529, 11168
159, 1041, 7, 20, 1451, 5062, 4237, 12170
160, 1104, 8, 21, 1295, 4565, 4510, 11854
161, 1039, 8, 20, 1159, 4900, 3842, 11290
162, 1094, 7, 22, 1245, 4710, 3754, 11156
163, 1019, 7, 21, 1221, 4183, 3572, 10345
164, 1117, 8, 19, 1124, 4635, 3892, 11136
165, 1028, 6, 17, 1193, 4780, 3981, 11336
166, 1117, 8, 20, 1235, 4817, 3684, 11200
167, 1026, 7, 21, 1306, 4817, 4810, 12323
168, 1066, 8, 22, 1202, 4431, 4164, 11230
169, 1033, 8, 21, 1242, 4808, 3881, 11308
170, 1062, 8, 21, 1433, 5428, 3734, 12025
171, 1080, 8, 21, 1268, 4942, 4793, 12418
172, 1075, 7, 18, 1259, 5102, 4369, 12155
173, 1018, 8, 18, 1275, 4372, 4254, 11263
174, 1121, 7, 21, 1297, 4575, 3782, 11139
175, 1004, 7, 19, 1344, 4374, 4276, 11360
176, 1120, 7, 20, 1363, 4802, 3482, 11140
177, 1047, 6, 20, 1139, 4373, 4440, 11328
178, 1067, 8, 20, 1217, 4775, 3664, 11099
179, 1074, 6, 18, 1152, 4978, 3946, 11494
180, 1151, 7, 19, 1290, 4402, 3746, 10950
181, 1083, 7, 17, 1254, 4221, 4638, 11549
182, 1071, 7, 18, 1312, 4568, 3780, 11078
183, 935, 7, 18, 1182, 4554, 4513, 11532
184, 1046, 8, 23, 1240, 4445, 3866, 10973
185, 1022, 8, 19, 1181, 4545, 4302, 11420
186, 1080, 6, 16, 1268, 4733, 4204, 11674
187, 1125, 6, 17, 1199, 4710, 4071, 11430
188, 1109, 8, 18, 1223, 4296, 3852, 10849
189, 1029, 7, 19, 1181, 4402, 3609, 10545
190, 1092, 8, 20, 1197, 4448, 3711, 10824
191, 1006, 7, 19, 1335, 4776, 4049, 11536
192, 1202, 7, 21, 1137, 4593, 3652, 10936
193, 1040, 6, 18, 1212, 4379, 3597, 10550
194, 1142, 7, 19, 1320, 4729, 4143, 11689
195, 1044, 7, 19, 1237, 4269, 4670, 11564
196, 1036, 6, 17, 1069, 4417, 4100, 10962
197, 1019, 6, 18, 1200, 4172, 3896, 10619
198, 1148, 6, 18, 1143, 4730, 3748, 11115
199, 1024, 7, 18, 1185, 4526, 4530, 11613
200, 1139, 7, 18, 1249, 4218, 4030, 10959
201, 1104, 5, 16, 1120, 4214, 3854, 10624
202, 1137, 6, 18, 1232, 4223, 4044, 10961
203, 969, 6, 17, 1232, 4377, 3655, 10585
204, 1075, 7, 20, 1233, 4626, 3698, 10961
205, 927, 7, 18, 1204, 4435, 3650, 10562
206, 1104, 6, 17, 1213, 4362, 3929, 10940
207, 1011, 7, 18, 1321, 4477, 4439, 11594
208, 1100, 7, 18, 1201, 4210, 4087, 10942
209, 969, 5, 17, 1236, 4377, 4746, 11667
210, 831, 7, 19, 1267, 5111, 4383, 11935
211, 1017, 7, 18, 1218, 4912, 4132, 11628
212, 1039, 8, 19, 1277, 4647, 4560, 11891
213, 1067, 7, 20, 1373, 4600, 4189, 11622
214, 1010, 7, 19, 1357, 4655, 3855, 11249
215, 999, 9, 20, 1389, 4606, 4917, 12268
216, 1051, 6, 18, 1167, 4699, 4032, 11298
217, 1024, 7, 19, 1123, 4429, 4383, 11285
218, 1058, 8, 18, 1235, 4925, 3672, 11251
219, 1064, 7, 19, 1247, 4770, 4560, 11969
220, 1110, 7, 20, 1218, 5037, 3537, 11234
221, 986, 7, 19, 1228, 4312, 4309, 11164
222, 808, 7, 22, 1274, 4422, 4352, 11208
223, 992, 7, 22, 1104, 4468, 4109, 11024
224, 1041, 8, 21, 1198, 4770, 3765, 11142
225, 993, 9, 18, 1313, 4768, 3630, 11071
226, 1163, 7, 21, 1249, 4612, 3678, 11059
227, 997, 9, 19, 1352, 4603, 4042, 11354
228, 1131, 13, 19, 1174, 4312, 3863, 10840
229, 943, 7, 17, 1218, 4582, 4263, 11368
230, 1172, 7, 20, 1231, 4692, 3658, 11124
231, 945, 6, 23, 1232, 4591, 4292, 11422
232, 1050, 8, 23, 1457, 4573, 3619, 11077
233, 956, 7, 22, 1259, 4553, 4213, 11341
234, 1081, 8, 19, 1317, 4378, 3975, 11086
235, 973, 9, 20, 1244, 4657, 4206, 11461
236, 1206, 8, 18, 1205, 4472, 3411, 10654
237, 967, 8, 20, 1294, 4563, 4262, 11445
238, 1201, 8, 20, 1402, 5071, 3982, 12038
239, 996, 7, 20, 1230, 4541, 4299, 11400
240, 1076, 8, 20, 1223, 4440, 3961, 11023
241, 998, 8, 19, 1217, 4651, 4128, 11370
242, 1188, 9, 20, 1308, 4772, 4232, 11873
243, 1018, 6, 21, 1234, 4780, 4139, 11539
244, 1179, 6, 18, 1221, 4283, 3974, 11029
245, 1137, 6, 18, 1375, 4395, 4292, 11560
246, 1044, 8, 17, 1142, 4316, 4150, 10988
247, 1049, 7, 18, 1236, 4398, 4526, 11548
248, 1063, 7, 20, 1259, 5179, 4095, 11980
249, 936, 6, 17, 1209, 4462, 4631, 11591
250, 1039, 7, 19, 1067, 4562, 3991, 11000
251, 907, 7, 18, 1253, 4620, 4453, 11582
252, 1088, 7, 18, 1082, 4500, 3870, 10873
253, 941, 8, 20, 1281, 4878, 4142, 11609
254, 1127, 7, 21, 1414, 5291, 3702, 11921
255, 990, 6, 26, 1393, 4761, 3760, 11275
256, 983, 9, 22, 1353, 4815, 3399, 10915
257, 972, 7, 20, 1170, 4749, 4329, 11593
258, 1100, 7, 20, 1404, 5516, 4520, 12943
259, 1004, 9, 22, 1305, 4798, 4016, 11483
260, 967, 6, 22, 1245, 4783, 4571, 11912
261, 1046, 6, 19, 1262, 4770, 4943, 12374
262, 979, 7, 21, 1275, 4579, 4315, 11496
263, 1016, 8, 19, 1211, 4823, 4256, 11670
264, 1034, 8, 19, 1296, 4442, 3707, 10864
265, 1033, 7, 19, 1229, 4656, 4390, 11680
266, 939, 7, 19, 1227, 4661, 4689, 11881
267, 1025, 6, 17, 1310, 4688, 4279, 11658
268, 1025, 7, 21, 1259, 4529, 3705, 10878
269, 984, 7, 18, 1320, 4721, 4145, 11539
270, 1053, 9, 21, 1391, 4712, 3845, 11397
271, 1086, 8, 21, 1332, 4636, 4260, 11659
272, 1147, 8, 19, 1262, 4539, 3412, 10721
273, 949, 6, 19, 1422, 4600, 4348, 11697
274, 1062, 8, 20, 1326, 4797, 4244, 11799
275, 1045, 8, 19, 1366, 4426, 4526, 11711
276, 1113, 6, 21, 1283, 4610, 3424, 10772
277, 1249, 5, 16, 1165, 4451, 4576, 11764
278, 1030, 6, 18, 1267, 4408, 4698, 11745
279, 965, 7, 18, 1194, 5396, 4899, 12792
280, 1050, 8, 24, 1277, 4957, 3994, 11651
281, 950, 7, 17, 1274, 4878, 4352, 11800
282, 986, 6, 22, 1236, 4634, 3509, 10722
283, 907, 7, 19, 1237, 4752, 4557, 11810
284, 161, 7, 20, 1078, 3050, 1755, 6398
285, 982, 9, 17, 1280, 4867, 4346, 11814
286, 155, 8, 19, 1315, 3116, 1845, 6785
287, 1018, 6, 17, 1252, 4172, 5065, 11866
288, 138, 7, 17, 1277, 3047, 1843, 6665
289, 963, 9, 21, 1199, 4520, 3924, 10975
290, 147, 7, 19, 1247, 3137, 1946, 6812
291, 975, 7, 17, 1253, 4285, 3887, 10738
292, 170, 7, 19, 1260, 3186, 1821, 6789
293, 926, 8, 18, 1377, 4560, 3661, 10878
294, 164, 6, 17, 1253, 2946, 3933, 8633
295, 1023, 6, 18, 1150, 4332, 3961, 10805
296, 132, 6, 14, 1232, 2938, 2119, 6731
297, 977, 6, 18, 1182, 3997, 4615, 11085
298, 155, 6, 17, 1136, 3094, 1689, 6410
299, 970, 6, 18, 1154, 4124, 4555, 11112
300, 150, 6, 17, 1216, 3106, 1854, 6660
301, 998, 6, 17, 1225, 4237, 4340, 11143
302, 147, 6, 17, 1318, 3036, 1726, 6569
303, 1122, 7, 18, 1199, 4094, 4412, 11153
304, 151, 5, 15, 1107, 2923, 2189, 6675
305, 996, 6, 17, 1131, 4352, 4381, 11176
306, 154, 6, 17, 1214, 2973, 1632, 6299
307, 979, 6, 19, 1198, 4378, 4313, 11193
308, 145, 6, 16, 1200, 3331, 1565, 6595
309, 984, 6, 17, 1254, 4419, 4196, 11208
310, 156, 7, 16, 1188, 3173, 1563, 6435
311, 1009, 7, 18, 1305, 4510, 3936, 11115
312, 158, 7, 18, 1260, 3473, 2158, 7408
313, 979, 7, 19, 1308, 4666, 4939, 12214
314, 142, 6, 14, 1214, 2841, 1880, 6423
315, 1021, 5, 16, 1192, 4389, 4393, 11298
316, 161, 7, 19, 1246, 3029, 1584, 6382
317, 990, 8, 19, 1228, 4350, 4240, 11162
318, 150, 5, 17, 1258, 3013, 1582, 6341
319, 994, 6, 17, 1242, 4385, 4370, 11315
320, 154, 6, 16, 1277, 3279, 1329, 6386
321, 1075, 5, 17, 1263, 4450, 4077, 11193
322, 157, 6, 16, 1243, 3350, 2325, 7400
323, 957, 6, 18, 1354, 4334, 4321, 11305
324, 152, 5, 17, 1226, 2995, 1657, 6369
325, 916, 5, 17, 1140, 4132, 5389, 11901
326, 147, 6, 16, 1184, 2908, 1946, 6506
327, 986, 6, 18, 1185, 4399, 4429, 11319
328, 163, 6, 17, 1171, 2994, 1439, 6079
329, 988, 6, 17, 1100, 4171, 3790, 10367
330, 163, 6, 17, 1232, 2973, 1630, 6340
331, 988, 6, 18, 1376, 4312, 4346, 11358
332, 148, 7, 17, 1285, 2945, 1635, 6335
333, 985, 6, 18, 1098, 4303, 4582, 11281
334, 164, 6, 16, 1172, 2820, 1871, 6360
335, 1007, 5, 18, 1276, 4391, 4254, 11255
336, 147, 6, 17, 1168, 2945, 2462, 7047
337, 1006, 6, 18, 1086, 4692, 4281, 11402
338, 154, 6, 16, 1228, 3054, 1509, 6281
339, 1062, 5, 18, 1257, 4216, 4404, 11284
340, 165, 6, 16, 1199, 2975, 1604, 6275
341, 973, 6, 18, 1087, 4108, 3907, 10403
342, 154, 6, 17, 1226, 2981, 1321, 6006
343, 987, 6, 18, 1161, 4219, 4704, 11397
344, 152, 5, 17, 1254, 2864, 1680, 6276
345, 979, 5, 21, 1207, 4343, 4570, 11445
346, 156, 6, 16, 1300, 3064, 2129, 6990
347, 1031, 5, 17, 1199, 4349, 4174, 11095
348, 168, 6, 17, 1304, 2851, 1673, 6319
349, 1039, 6, 15, 1155, 4232, 4357, 11110
350, 146, 6, 15, 1075, 2811, 1991, 6319
351, 1156, 5, 16, 1048, 4273, 3566, 10359
352, 153, 6, 16, 1205, 2937, 1614, 6229
353, 986, 6, 18, 1226, 4235, 3647, 10422
354, 149, 6, 16, 1166, 2862, 1782, 6308
355, 938, 6, 18, 1176, 4282, 4359, 11077
356, 163, 6, 16, 1287, 3184, 2341, 7296
357, 1008, 5, 16, 1212, 4628, 4265, 11436
358, 152, 6, 17, 1172, 2766, 1893, 6299
359, 961, 7, 18, 1199, 4550, 4405, 11433
360, 162, 6, 16, 1163, 2903, 1736, 6290
361, 963, 6, 16, 1233, 4377, 3545, 10436
362, 147, 6, 15, 1159, 2879, 1913, 6422
363, 972, 6, 14, 1219, 4262, 3661, 10449
364, 143, 6, 16, 1132, 2969, 1755, 6289
365, 976, 5, 16, 1144, 4222, 3832, 10485
366, 146, 5, 18, 1121, 2904, 1630, 6128
367, 1010, 6, 17, 1169, 4426, 4435, 11370
368, 145, 6, 16, 1270, 2874, 1632, 6250
369, 1011, 6, 17, 1211, 4171, 3763, 10499
370, 146, 6, 16, 1258, 3182, 1293, 6209
371, 997, 5, 17, 1185, 4314, 4564, 11375
372, 118, 6, 16, 1237, 2904, 1668, 6258
373, 1039, 5, 20, 1138, 4304, 4726, 11521
374, 151, 6, 16, 1185, 3088, 1452, 6190
375, 1128, 5, 18, 1146, 4384, 4570, 11554
376, 165, 6, 15, 1164, 2789, 1741, 6175
377, 1046, 6, 19, 1232, 4407, 3514, 10538
378, 161, 6, 18, 1202, 2894, 1628, 6202
379, 988, 6, 18, 1126, 4264, 4796, 11522
380, 152, 6, 17, 1160, 2914, 1636, 6166
381, 1055, 6, 18, 1236, 4183, 3730, 10533
382, 154, 5, 13, 1206, 2799, 1683, 6156
383, 1026, 6, 17, 1124, 4404, 4733, 11598
384, 161, 6, 17, 1174, 2830, 1669, 6158
385, 1034, 6, 18, 1182, 4351, 3644, 10552
386, 158, 5, 16, 1177, 2954, 1385, 6006
387, 1014, 6, 17, 1039, 4302, 3885, 10565
388, 158, 6, 17, 1168, 3163, 1408, 6230
389, 1103, 7, 18, 1155, 4306, 3586, 10456
390, 162, 6, 16, 1140, 2913, 1595, 6131
391, 979, 6, 18, 1146, 4467, 4607, 11523
392, 150, 6, 17, 1205, 2940, 2492, 7121
393, 1143, 6, 18, 1237, 4203, 4581, 11513
394, 169, 6, 16, 1160, 3033, 2372, 7081
395, 1017, 7, 18, 1132, 4286, 3847, 10600
396, 164, 6, 13, 1205, 3048, 2426, 7186
397, 991, 6, 19, 1153, 4078, 4093, 10614
398, 157, 5, 16, 1164, 2826, 1651, 6132
399, 1007, 5, 20, 1245, 4177, 4615, 11360
400, 158, 6, 17, 1151, 2926, 2536, 7113
401, 968, 7, 18, 1225, 4418, 3680, 10601
402, 1081, 6, 18, 1222, 4266, 4177, 11097
403, 999, 6, 16, 1241, 4257, 3652, 10485
404, 1146, 6, 17, 1318, 4383, 3623, 10799
405, 985, 7, 18, 1105, 4229, 5884, 12546
406, 1105, 7, 20, 1178, 4307, 4013, 10955
407, 1041, 6, 18, 1190, 4667, 4258, 11478
408, 1195, 6, 18, 1161, 4356, 3881, 10927
409, 1042, 6, 18, 1161, 4198, 4734, 11477
410, 982, 6, 18, 1260, 4200, 4310, 11090
411, 1042, 6, 18, 1194, 4536, 4363, 11480
412, 1053, 5, 18, 1125, 4365, 3938, 10834
413, 990, 6, 18, 1211, 4379, 4439, 11351
414, 882, 5, 16, 1092, 4251, 3628, 10167
415, 982, 6, 16, 1060, 4235, 4006, 10596
416, 1071, 6, 18, 1154, 4236, 4323, 11134
417, 960, 6, 15, 1172, 4220, 3788, 10460
418, 1085, 6, 17, 1261, 4591, 3902, 11168
419, 953, 7, 18, 1218, 4219, 3453, 10174
420, 1068, 6, 19, 1135, 4601, 3270, 10412
421, 934, 6, 18, 1136, 4147, 3553, 10104
422, 1117, 6, 18, 1082, 4434, 3460, 10407
423, 986, 7, 18, 1212, 4461, 4182, 11193
424, 1112, 6, 18, 1171, 4475, 4322, 11424
425, 978, 7, 17, 1164, 4352, 4397, 11210
426, 1178, 6, 18, 1189, 4425, 4254, 11377
427, 1031, 7, 18, 1197, 4219, 3429, 10223
428, 1006, 6, 17, 1160, 4188, 3596, 10275
429, 971, 6, 17, 1179, 4718, 4117, 11311
430, 1059, 7, 18, 1241, 4427, 4309, 11371
431, 1035, 5, 18, 1264, 4617, 3945, 11204
432, 1209, 7, 17, 1165, 4362, 4309, 11375
433, 990, 6, 17, 1045, 4218, 3718, 10302
434, 1083, 6, 18, 1187, 4320, 3441, 10377
435, 996, 7, 18, 1161, 4344, 30386, 37225
436, 886, 6, 18, 1288, 4747, 3955, 11199
437, 1002, 6, 20, 1285, 4289, 30364, 37278
438, 1148, 6, 17, 1184, 4170, 4372, 11222
439, 1025, 6, 18, 1211, 4126, 30371, 37082
440, 1081, 6, 17, 1188, 4149, 3493, 10245
441, 1038, 5, 18, 1110, 4153, 30377, 37002
442, 993, 6, 18, 1204, 4414, 4317, 11268
443, 963, 6, 17, 1208, 4306, 30359, 37186
444, 1051, 7, 17, 1195, 4579, 4001, 11157
445, 982, 6, 19, 1201, 4364, 30374, 37273
446, 1061, 6, 17, 1135, 4296, 3341, 10155
447, 1006, 6, 18, 1237, 4156, 30374, 37110
448, 1104, 6, 18, 1155, 4484, 4171, 11248
449, 1042, 6, 16, 1112, 4060, 30361, 36883
450, 1247, 7, 17, 1127, 4334, 4015, 11047
451, 968, 6, 14, 1103, 4492, 30387, 37252
452, 1123, 6, 17, 1093, 4476, 4339, 11364
453, 917, 6, 17, 1068, 3927, 30381, 36623
454, 1134, 6, 20, 1223, 4423, 4143, 11261
455, 965, 6, 18, 1249, 4348, 30343, 37238
456, 1047, 6, 17, 1127, 4520, 4274, 11301
457, 1018, 6, 16, 1205, 4038, 30337, 36914
458, 1122, 7, 18, 1134, 4243, 3484, 10299
459, 965, 7, 18, 1195, 4266, 30381, 37157
460, 1053, 7, 17, 1234, 4362, 4306, 11300
461, 925, 6, 19, 1147, 4539, 30397, 37349
462, 1198, 7, 17, 1226, 4289, 4223, 11287
463, 1000, 5, 17, 1199, 4276, 30375, 37197
464, 1141, 6, 14, 1172, 4256, 3451, 10325
465, 914, 6, 18, 1177, 4663, 30352, 37437
466, 1154, 6, 16, 1223, 4442, 4226, 11361
467, 930, 6, 17, 1175, 4394, 30375, 37208
468, 1193, 6, 17, 1093, 4154, 3640, 10402
469, 986, 6, 18, 1194, 4448, 30333, 37293
470, 1064, 6, 17, 1171, 4303, 3528, 10387
471, 1033, 6, 18, 1080, 4183, 30369, 37003
472, 1082, 7, 18, 1157, 4293, 3531, 10388
473, 1036, 6, 19, 1133, 4645, 30332, 37494
474, 1182, 6, 18, 1209, 4361, 4293, 11389
475, 1084, 6, 17, 1196, 4350, 30389, 37346
476, 1199, 6, 19, 1223, 4261, 4397, 11429
477, 1052, 6, 20, 1263, 4334, 30400, 37381
478, 1126, 7, 19, 1263, 4842, 3732, 11326
479, 1053, 6, 17, 1223, 4621, 30394, 37634
480, 1176, 7, 18, 1307, 4474, 3822, 11128
481, 1066, 6, 17, 1234, 4141, 30376, 37179
482, 1080, 6, 20, 1283, 4540, 4208, 11453
483, 1100, 8, 18, 1175, 4362, 30380, 37350
484, 1019, 8, 20, 1220, 4293, 4514, 11380
485, 1045, 7, 20, 1277, 5469, 30398, 38565
486, 1069, 7, 18, 1311, 4487, 4060, 11291
487, 1049, 6, 18, 1324, 4321, 30377, 37424
488, 1133, 8, 20, 1412, 4467, 4002, 11392
489, 999, 7, 19, 1266, 4589, 30405, 37631
490, 1118, 7, 20, 1174, 4830, 4034, 11520
491, 1023, 8, 20, 1317, 4660, 30396, 37748
492, 1160, 8, 20, 1280, 4841, 3922, 11565
493, 1013, 6, 17, 1308, 4659, 30357, 37687
494, 1056, 7, 20, 1261, 4671, 4199, 11553
495, 995, 7, 19, 1339, 4732, 30369, 37794
496, 1029, 7, 20, 1245, 4617, 4283, 11536
497, 1034, 6, 17, 1222, 4395, 30359, 37372
498, 1061, 8, 20, 1167, 4594, 4065, 11269
499, 1005, 8, 20, 1255, 4474, 30395, 37468
500, 1129, 7, 18, 1225, 4286, 4574, 11580
501, 943, 6, 18, 1119, 4262, 30376, 37036
502, 1029, 6, 18, 1272, 4090, 3885, 10602
503, 1061, 6, 18, 1249, 4493, 30377, 37505
504, 1042, 7, 18, 1251, 4076, 3900, 10600
505, 998, 6, 19, 1217, 4382, 30382, 37310
506, 1047, 6, 18, 1405, 4674, 4144, 11625
507, 983, 6, 16, 1196, 4218, 30382, 37128
508, 1074, 6, 18, 1147, 4414, 4609, 11598
509, 941, 6, 17, 1155, 4350, 30380, 37184
510, 1168, 6, 19, 1164, 4149, 3745, 10578
511, 1010, 6, 19, 1233, 4416, 30374, 37380
512, 1172, 6, 17, 1244, 4204, 3586, 10544
513, 1019, 7, 18, 1288, 4614, 30378, 37644
514, 1221, 6, 20, 1182, 4222, 4285, 11249
515, 1019, 6, 18, 1269, 4400, 30385, 37427
516, 1100, 7, 18, 1274, 4209, 4316, 11237
517, 1093, 7, 18, 1276, 4458, 30382, 37567
518, 995, 6, 19, 1489, 4812, 3857, 11505
519, 990, 6, 17, 1197, 4395, 30377, 37317
520, 995, 7, 19, 1126, 4459, 3562, 10467
521, 975, 6, 17, 1224, 4838, 30388, 37739
522, 1119, 7, 18, 1242, 4464, 4215, 11381
523, 1111, 7, 19, 1332, 4226, 30367, 37384
524, 1061, 6, 19, 1212, 4492, 4369, 11490
525, 990, 7, 19, 1131, 4244, 3707, 10399
526, 988, 7, 18, 1347, 4285, 4317, 11290
527, 1077, 6, 18, 1139, 4299, 4422, 11286
528, 1094, 6, 19, 1274, 4545, 4027, 11307
529, 1114, 5, 16, 1213, 4636, 3965, 11265
530, 1393, 7, 20, 1219, 4639, 4745, 12348
531, 1430, 6, 18, 1264, 5910, 4290, 13253
532, 1325, 6, 18, 1153, 4884, 4532, 12250
533, 1071, 6, 19, 1271, 5366, 4205, 12268
534, 1048, 7, 18, 1108, 5163, 3676, 11330
535, 1100, 6, 17, 1238, 4656, 3898, 11238
536, 1035, 6, 18, 1283, 4545, 4166, 11378
537, 1041, 6, 17, 1293, 4404, 4114, 11205
538, 1165, 6, 18, 1244, 4463, 4190, 11409
539, 1036, 6, 17, 1237, 4734, 3840, 11173
540, 1144, 7, 20, 1269, 4814, 3885, 11473
541, 1077, 5, 17, 1186, 4271, 3323, 10192
542, 1081, 9, 20, 1178, 4908, 3809, 11356
543, 1306, 8, 21, 1162, 4450, 3885, 11157
544, 1134, 8, 23, 1180, 4697, 4303, 11675
545, 1036, 7, 20, 1272, 5276, 3939, 11882
546, 1094, 7, 21, 1267, 4454, 3502, 10668
547, 964, 7, 17, 1306, 5310, 3856, 11793
548, 1108, 8, 18, 1327, 4600, 4243, 11649
549, 1463, 7, 21, 1275, 4791, 3573, 11476
550, 1102, 7, 19, 1313, 4684, 4070, 11531
551, 1060, 8, 19, 1255, 4360, 3893, 10923
552, 1087, 6, 21, 1273, 4860, 4097, 11683
553, 1152, 7, 20, 1194, 4397, 3819, 10917
554, 1183, 7, 21, 1332, 4845, 3891, 11641
555, 1116, 9, 25, 1296, 4963, 4137, 11885
556, 1333, 9, 27, 1280, 5231, 4339, 12546
557, 1266, 6, 21, 1224, 6062, 4020, 12912
558, 1316, 8, 18, 1366, 4998, 3263, 11287
559, 1142, 5, 15, 1128, 4324, 4387, 11288
560, 1100, 6, 19, 1167, 4610, 3953, 11185
561, 1173, 6, 17, 1165, 4934, 4426, 12046
562, 1463, 7, 18, 1202, 4997, 3277, 11275
563, 1154, 7, 18, 1256, 4633, 3947, 11344
564, 1079, 6, 20, 1133, 4819, 4617, 11996
565, 1204, 6, 18, 1166, 4903, 4704, 12311
566, 1055, 6, 18, 1138, 4498, 3266, 10289
567, 971, 6, 18, 1170, 4504, 4317, 11316
568, 1133, 6, 19, 1155, 4304, 4339, 11260
569, 1151, 5, 17, 1251, 4784, 3775, 11306
570, 1368, 6, 18, 1225, 4624, 4404, 11975
571, 1227, 6, 19, 1147, 4397, 4372, 11460
572, 1191, 7, 18, 1170, 4399, 4245, 11348
573, 1087, 7, 18, 1157, 4564, 4174, 11324
574, 1301, 7, 18, 1230, 4656, 3716, 11251
575, 1063, 6, 18, 1210, 4372, 3321, 10318
576, 1046, 6, 19, 1253, 4431, 3911, 10974
577, 1000, 5, 17, 1175, 4260, 30396, 37154
578, 1043, 7, 18, 1137, 4679, 4319, 11514
579, 984, 6, 19, 1179, 4046, 30358, 36902
580, 1172, 6, 18, 1135, 4541, 3773, 10928
581, 936, 6, 19, 1126, 4179, 30357, 36934
582, 1064, 6, 18, 1184, 4005, 3486, 10054
583, 1006, 6, 18, 1222, 4375, 30331, 37255
584, 1030, 6, 18, 1172, 4268, 4150, 10956
585, 1008, 7, 19, 1139, 4395, 30357, 37232
586, 1031, 7, 18, 1314, 4316, 3982, 10999
587, 910, 7, 19, 1169, 4245, 30374, 37045
588, 1129, 6, 18, 1182, 4298, 3637, 10591
589, 963, 6, 18, 1214, 4259, 30366, 37145
590, 1145, 6, 20, 1178, 4696, 4334, 11702
591, 1021, 6, 19, 1241, 4413, 30389, 37394
592, 1145, 6, 18, 1094, 4468, 3950, 10997
593, 1016, 5, 17, 1133, 4644, 30353, 37487
594, 1123, 6, 17, 1211, 4240, 4235, 11146
595, 959, 6, 16, 1086, 4092, 30373, 36842
596, 1059, 6, 19, 1296, 4318, 3966, 10989
597, 1095, 6, 18, 1268, 4345, 30355, 37448
598, 1100, 6, 18, 1099, 4169, 3348, 10038
599, 971, 6, 17, 1147, 4232, 30406, 37089
600, 1187, 5, 17, 1148, 4284, 3800, 10739
601, 944, 6, 18, 1200, 4125, 30352, 36953
602, 1178, 6, 17, 1218, 4677, 3575, 10992
603, 1025, 8, 17, 1269, 4410, 30375, 37410
604, 1217, 6, 17, 1042, 4352, 4087, 11004
605, 952, 6, 17, 1287, 4228, 30382, 37193
606, 1167, 6, 19, 1227, 4323, 3960, 11020
607, 969, 6, 17, 1147, 4134, 30367, 36942
608, 1154, 6, 18, 1272, 4187, 4054, 11000
609, 934, 6, 18, 1223, 4453, 30376, 37318
610, 1104, 6, 19, 1143, 4205, 4127, 10917
611, 1001, 6, 18, 1145, 4124, 30382, 36997
612, 1172, 6, 19, 1099, 3972, 4505, 11066
613, 948, 7, 18, 1159, 4192, 30369, 37010
614, 1040, 6, 18, 1206, 4302, 3874, 10774
615, 1034, 5, 18, 1150, 4257, 30360, 37143
616, 1238, 6, 18, 1230, 4173, 3947, 10941
617, 928, 6, 18, 1255, 4438, 30369, 37334
618, 1145, 6, 17, 1249, 4224, 4083, 11046
619, 1017, 6, 17, 1121, 4235, 30328, 37036
620, 1140, 6, 18, 1198, 4354, 3768, 10783
621, 979, 7, 18, 1225, 4221, 30363, 37134
622, 1004, 7, 16, 1204, 4518, 3924, 10980
623, 969, 6, 18, 1196, 4297, 30368, 37171
624, 1069, 6, 15, 1128, 4594, 3994, 11119
625, 937, 6, 20, 1162, 4482, 30337, 37236
626, 1089, 6, 18, 1145, 4383, 4062, 11006
627, 968, 6, 17, 1139, 4205, 30343, 36985
628, 1093, 6, 18, 1162, 4260, 4318, 11175
629, 918, 7, 19, 1217, 4298, 30377, 37143
630, 1102, 6, 19, 1170, 4447, 4116, 11161
631, 986, 6, 18, 1172, 4199, 30376, 37057
632, 1170, 6, 18, 1217, 4293, 4171, 11178
633, 945, 6, 18, 1225, 4182, 30351, 37048
634, 1151, 6, 17, 1146, 3948, 3533, 10102
635, 952, 6, 18, 1231, 4213, 30363, 37095
636, 1168, 6, 18, 1178, 4263, 4253, 11216
637, 937, 7, 18, 1128, 4176, 30363, 36943
638, 1205, 7, 20, 1162, 4363, 4155, 11237
639, 983, 5, 19, 1089, 4333, 30328, 37046
640, 1169, 6, 18, 1164, 4210, 4362, 11234
641, 959, 7, 18, 1192, 4282, 30357, 37102
642, 1079, 6, 18, 1183, 4125, 4511, 11246
643, 981, 6, 18, 1220, 4299, 30377, 37220
644, 1184, 6, 18, 1121, 4633, 3977, 11252
645, 949, 6, 17, 1263, 4529, 30363, 37428
646, 1086, 6, 17, 1237, 4454, 4016, 11129
647, 979, 6, 18, 1151, 4151, 30371, 37001
648, 1076, 7, 20, 1302, 4313, 4172, 11220
649, 882, 7, 17, 1197, 4302, 30364, 37090
650, 1023, 7, 21, 1205, 4668, 4089, 11325
651, 1009, 6, 17, 1224, 4462, 30362, 37356
652, 1060, 6, 18, 1147, 4069, 4616, 11246
653, 1014, 6, 18, 1161, 4184, 30373, 37062
654, 1098, 6, 18, 1196, 4410, 3836, 10884
655, 950, 6, 18, 1175, 4112, 30365, 36936
656, 1078, 7, 18, 1270, 4135, 3981, 10796
657, 976, 6, 19, 1082, 4226, 30369, 36973
658, 1111, 7, 18, 1288, 4598, 3567, 10891
659, 1029, 6, 17, 1167, 4086, 30336, 36926
660, 1131, 7, 19, 1043, 4036, 4232, 10796
661, 1060, 5, 17, 1229, 4716, 30383, 37727
662, 1220, 6, 17, 1140, 4144, 4117, 10941
663, 995, 6, 18, 1196, 4437, 30374, 37332
664, 1131, 6, 18, 1193, 4444, 3821, 10913
665, 1033, 6, 16, 1163, 4528, 30396, 37429
666, 1113, 7, 18, 1239, 4891, 4335, 11941
667, 1049, 6, 18, 1135, 4162, 30377, 37081
668, 1168, 6, 18, 1142, 4564, 3723, 10939
669, 1006, 5, 17, 1205, 4294, 30410, 37256
670, 1212, 5, 18, 1166, 4611, 3738, 11033
671, 982, 8, 18, 1218, 4083, 30383, 37002
672, 1147, 5, 18, 1217, 4198, 4023, 10930
673, 1017, 6, 17, 1152, 4392, 30391, 37303
674, 1155, 7, 18, 1215, 4582, 3671, 10970
675, 931, 6, 17, 1232, 4263, 30376, 37152
676, 1133, 6, 18, 1026, 4528, 4118, 11129
677, 960, 6, 18, 1263, 4324, 30381, 37282
678, 1178, 6, 19, 1288, 4184, 4048, 11042
679, 946, 5, 16, 1131, 4177, 30388, 36979
680, 938, 6, 17, 1212, 4166, 4514, 11168
681, 959, 6, 17, 1117, 4558, 30378, 37340
682, 1150, 7, 18, 1244, 4625, 3815, 11190
683, 943, 7, 17, 1199, 4473, 30360, 37298
684, 1131, 6, 17, 1137, 4752, 4900, 12233
685, 996, 6, 18, 1192, 4461, 30326, 37316
686, 1158, 6, 18, 1215, 4310, 4118, 11149
687, 919, 6, 18, 1227, 4415, 30368, 37258
688, 1136, 7, 19, 1126, 4307, 4225, 11134
689, 969, 7, 17, 1135, 4230, 30325, 36978
690, 1154, 7, 21, 1141, 4313, 4212, 11154
691, 979, 7, 19, 1231, 4126, 30368, 37052
692, 1115, 6, 19, 1204, 4262, 4214, 11142
693, 1012, 6, 17, 1136, 4576, 30390, 37456
694, 1050, 6, 18, 1193, 4610, 4178, 11362
695, 974, 6, 17, 1162, 4302, 30353, 37114
696, 1207, 6, 18, 1218, 4471, 3953, 11192
697, 891, 6, 17, 1118, 4286, 30376, 37009
698, 1180, 6, 18, 1189, 4398, 4005, 11083
699, 984, 6, 15, 1307, 4650, 30367, 37646
700, 1084, 6, 19, 1214, 3998, 3500, 10137
701, 902, 6, 17, 1292, 4511, 30376, 37423
702, 1058, 6, 19, 1245, 4368, 4120, 11143
703, 919, 6, 18, 1270, 4489, 30385, 37425
704, 1089, 6, 18, 1198, 4421, 4196, 11250
705, 909, 6, 17, 1204, 4658, 30378, 37487
706, 996, 5, 18, 1268, 4783, 4755, 12131
707, 1007, 6, 16, 1164, 4548, 30369, 37423
708, 1092, 6, 18, 1175, 4450, 4184, 11215
709, 938, 6, 18, 1177, 4351, 30376, 37162
710, 1207, 7, 17, 1196, 4247, 4261, 11223
711, 946, 7, 17, 1189, 4311, 30353, 37127
712, 1075, 6, 17, 1215, 4005, 4464, 11113
713, 927, 6, 19, 1176, 4218, 30345, 37000
714, 1108, 6, 17, 1184, 4285, 4329, 11230
715, 943, 5, 14, 1182, 4269, 30355, 37065
716, 1248, 6, 18, 1093, 4745, 4644, 12073
717, 1132, 6, 20, 1128, 5772, 30406, 38752
718, 1186, 5, 18, 1260, 4756, 3459, 11073
719, 903, 6, 18, 1244, 4565, 30383, 37442
720, 1097, 7, 19, 1296, 4521, 3872, 11138
721, 924, 6, 17, 1130, 4424, 30383, 37185
722, 1298, 7, 18, 1129, 4891, 3542, 11161
723, 1113, 6, 17, 1264, 4941, 30357, 38021
724, 1322, 6, 18, 1201, 4806, 3456, 11137
725, 1181, 6, 19, 1327, 4614, 30364, 37824
726, 1165, 7, 18, 1209, 5121, 4081, 11981
727, 1209, 8, 18, 1239, 4338, 30378, 37501
728, 1079, 6, 21, 1262, 4388, 3878, 10952
729, 1157, 7, 21, 1137, 4574, 30361, 37581
730, 1169, 6, 19, 1152, 4333, 4091, 11067
731, 885, 7, 19, 1284, 4759, 30369, 37658
732, 1159, 7, 21, 1214, 5118, 4066, 11901
733, 1040, 6, 19, 1194, 4769, 30386, 37732
734, 1132, 6, 20, 1298, 4267, 3954, 10961
735, 1104, 6, 18, 1098, 4522, 30319, 37369
736, 1211, 6, 20, 1219, 4719, 3708, 11217
737, 1174, 6, 20, 1216, 5068, 30374, 38178
738, 942, 6, 21, 1215, 4236, 4212, 10952
739, 871, 5, 20, 1210, 4261, 30371, 37062
740, 949, 6, 20, 1184, 4206, 4540, 11223
741, 905, 7, 20, 1190, 4174, 30381, 37000
742, 1030, 6, 20, 1134, 4592, 3905, 10999
743, 932, 6, 18, 1206, 4579, 30328, 37357
744, 966, 6, 19, 1182, 4721, 3910, 11116
745, 929, 6, 18, 1322, 4496, 30339, 37432
746, 1064, 6, 18, 1178, 4153, 4265, 11004
747, 985, 6, 18, 1179, 4469, 30381, 37344
748, 1022, 6, 17, 1254, 4432, 4009, 11065
749, 921, 7, 18, 1269, 4408, 30376, 37316
750, 1043, 6, 18, 1129, 4292, 4284, 11072
751, 1023, 7, 18, 1199, 4329, 30352, 37226
752, 997, 7, 18, 1133, 4466, 4058, 10969
753, 972, 7, 17, 1244, 4108, 30392, 37066
754, 1022, 7, 18, 1150, 4494, 3430, 10441
755, 1020, 6, 17, 1187, 4108, 30376, 37020
756, 994, 6, 19, 1133, 3870, 4158, 10464
757, 975, 7, 18, 1245, 4198, 30376, 37115
758, 971, 6, 16, 1201, 4351, 3701, 10547
759, 975, 6, 18, 1166, 4249, 30378, 37091
760, 913, 6, 17, 1293, 4258, 3691, 10490
761, 930, 6, 18, 1226, 4242, 30390, 37104
762, 974, 7, 19, 1233, 4552, 3454, 10566
763, 960, 6, 18, 1202, 4192, 30369, 37038
764, 1022, 5, 15, 1117, 4127, 3978, 10548
765, 1135, 6, 17, 1136, 4155, 30366, 37115
766, 1073, 7, 18, 1203, 4127, 3809, 10544
767, 903, 7, 18, 1215, 4321, 30348, 37128
768, 1036, 6, 20, 1192, 4287, 3674, 10518
769, 966, 7, 18, 1229, 3954, 30444, 36944
770, 1090, 7, 18, 1143, 4278, 3525, 10371
771, 941, 6, 17, 1157, 4530, 30361, 37331
772, 1082, 7, 18, 1224, 4250, 3561, 10446
773, 1042, 6, 18, 1179, 4315, 30388, 37241
774, 1015, 6, 19, 1217, 4576, 4173, 11311
775, 1007, 6, 18, 1174, 4108, 30380, 37012
776, 1181, 6, 18, 1232, 4240, 4294, 11273
777, 983, 6, 18, 1199, 4235, 30360, 37120
778, 927, 7, 17, 1225, 4708, 4174, 11373
779, 980, 5, 18, 1126, 4317, 30371, 37147
780, 1090, 6, 18, 1250, 4308, 3444, 10438
781, 988, 6, 17, 1107, 4183, 30389, 37002
782, 1013, 6, 18, 1230, 4661, 4132, 11381
783, 926, 6, 18, 1226, 4429, 30368, 37291
784, 1056, 6, 18, 1223, 4681, 4089, 11385
785, 983, 6, 16, 1214, 4131, 30363, 36996
786, 1123, 6, 18, 1222, 4726, 3903, 11304
787, 1171, 6, 19, 1197, 4106, 30343, 37164
788, 1058, 6, 17, 1131, 4465, 4355, 11352
789, 1080, 6, 18, 1233, 4199, 30350, 37194
790, 974, 6, 17, 1129, 4397, 3474, 10311
791, 1095, 6, 17, 1141, 4259, 30377, 37175
792, 1126, 6, 17, 1148, 4171, 3541, 10331
793, 1079, 6, 16, 1233, 4172, 30367, 37177
794, 1093, 6, 19, 1214, 4269, 4399, 11324
795, 1027, 7, 19, 1100, 4358, 30368, 37201
796, 1089, 8, 19, 1298, 4265, 3293, 10317
797, 1111, 7, 19, 1116, 4329, 30403, 37327
798, 1262, 7, 20, 1152, 4751, 3820, 11354
799, 1053, 7, 17, 1218, 4429, 30380, 37418
800, 1075, 8, 21, 1415, 4553, 3661, 11085
801, 1084, 8, 20, 1210, 4960, 30415, 38025
802, 1131, 9, 22, 1228, 4693, 3669, 11088
803, 1031, 7, 19, 1217, 4113, 30382, 37067
804, 1149, 7, 17, 1129, 4370, 4137, 11107
805, 1003, 7, 18, 1269, 4199, 30384, 37210
806, 1172, 7, 18, 1287, 4465, 4227, 11518
807, 1031, 6, 18, 1172, 4486, 30354, 37386
808, 1111, 6, 17, 1173, 5176, 4366, 12173
809, 1135, 7, 19, 1206, 4294, 30389, 37368
810, 1128, 6, 17, 1149, 4535, 4302, 11457
811, 1173, 7, 19, 1222, 4439, 30372, 37539
812, 1079, 6, 19, 1155, 4561, 4302, 11451
813, 1055, 6, 17, 1240, 4274, 30353, 37247
814, 1072, 7, 19, 1132, 4278, 3626, 10453
815, 927, 7, 18, 1263, 4262, 30378, 37196
816, 1031, 6, 18, 1277, 4372, 3423, 10444
817, 993, 7, 18, 1160, 4100, 30343, 36952
818, 1058, 6, 18, 1260, 5317, 3480, 11448
819, 1014, 6, 19, 1048, 4062, 30355, 36809
820, 1197, 6, 18, 1158, 4312, 4416, 11407
821, 1026, 7, 17, 1183, 4306, 30378, 37226
822, 1062, 6, 19, 1258, 4728, 4054, 11453
823, 1040, 7, 17, 1206, 4227, 30362, 37164
824, 1187, 6, 19, 1204, 4446, 4141, 11321
825, 1036, 7, 19, 1174, 4510, 30393, 37450
826, 1037, 6, 18, 1162, 4387, 4549, 11474
827, 1023, 7, 18, 1239, 4634, 30349, 37591
828, 1107, 6, 17, 1183, 4524, 4344, 11502
829, 970, 6, 17, 1139, 4842, 30375, 37664
830, 1135, 6, 17, 1133, 4391, 4622, 11628
831, 1084, 6, 16, 1203, 4609, 30366, 37583
832, 1272, 7, 19, 1323, 4529, 4022, 11505
833, 1047, 7, 18, 1131, 4140, 30359, 37002
834, 1172, 7, 20, 1165, 4338, 3526, 10547
835, 1045, 6, 17, 1252, 4120, 30377, 37132
836, 1121, 6, 18, 1172, 4323, 4616, 11566
837, 1027, 7, 18, 1239, 4538, 30394, 37559
838, 1091, 6, 16, 1241, 4358, 3587, 10588
839, 1013, 6, 18, 1196, 4355, 30348, 37237
840, 1075, 5, 19, 1121, 4413, 4448, 11358
841, 1041, 7, 20, 1189, 4335, 30365, 37256
842, 1155, 6, 18, 1189, 4732, 4285, 11684
843, 983, 6, 19, 1230, 4175, 30373, 37110
844, 1009, 7, 17, 1249, 4729, 4351, 11675
845, 1029, 7, 19, 1139, 4673, 30367, 37550
846, 1010, 7, 20, 1258, 4540, 3471, 10628
847, 1061, 6, 18, 1185, 4617, 30364, 37580
848, 1020, 6, 19, 1147, 4477, 3694, 10674
849, 1077, 7, 18, 1201, 4334, 30378, 37351
850, 998, 6, 18, 1303, 4813, 4180, 11669
851, 1085, 7, 17, 1252, 4962, 30354, 37994
852, 845, 7, 20, 1282, 4220, 3977, 10689
853, 1139, 7, 18, 1116, 4534, 30392, 37519
854, 981, 6, 18, 1191, 4459, 3694, 10679
855, 1014, 6, 19, 1211, 4465, 30363, 37420
856, 942, 6, 17, 1177, 4508, 3705, 10698
857, 1055, 6, 18, 1187, 4210, 30351, 37117
858, 1070, 7, 19, 1309, 4458, 3459, 10629
859, 1054, 7, 19, 1163, 4314, 30395, 37281
860, 1027, 7, 18, 1230, 4500, 3584, 10691
861, 930, 6, 18, 1179, 4296, 30346, 37065
862, 1037, 6, 17, 1184, 4573, 3640, 10779
863, 968, 6, 19, 1209, 4134, 30364, 37011
864, 1224, 6, 19, 1268, 4310, 3555, 10710
865, 994, 6, 18, 1209, 4421, 30355, 37317
866, 973, 7, 17, 1218, 4339, 3860, 10737
867, 1027, 6, 18, 1198, 4411, 30335, 37289
868, 1028, 6, 18, 1143, 4432, 3832, 10766
869, 982, 6, 18, 1179, 4272, 30366, 37125
870, 1058, 6, 18, 1216, 4447, 3683, 10739
871, 1303, 6, 18, 1076, 4503, 30344, 37550
872, 1080, 5, 17, 1113, 5001, 4284, 11786
873, 1038, 6, 17, 1151, 4632, 30395, 37545
874, 1043, 6, 19, 1202, 4634, 4612, 11818
875, 1280, 6, 18, 1167, 4545, 30364, 37675
876, 1359, 6, 18, 1171, 4670, 4244, 11789
877, 1211, 6, 20, 1024, 4364, 30344, 37282
878, 1014, 6, 18, 1187, 4210, 4043, 10810
879, 987, 6, 18, 1106, 4195, 30354, 36960
880, 991, 5, 15, 1135, 4266, 4119, 10840
881, 1637, 7, 18, 1303, 4706, 30394, 38376
882, 1033, 6, 18, 1267, 4642, 3572, 10851
883, 1327, 6, 19, 1174, 4657, 30385, 37866
884, 1068, 7, 17, 1192, 4469, 3826, 10885
885, 961, 6, 19, 1234, 4237, 30372, 37134
886, 1057, 6, 17, 1313, 4656, 3511, 10873
887, 1280, 6, 18, 1152, 4804, 30391, 37967
888, 1018, 7, 17, 1149, 4264, 4113, 10879
889, 1058, 6, 17, 1105, 4526, 30381, 37397
890, 1055, 6, 17, 1219, 4843, 4424, 11884
891, 1278, 5, 18, 1271, 4450, 30358, 37700
892, 1148, 6, 19, 1392, 4955, 4116, 11958
893, 1123, 6, 18, 1105, 4587, 30368, 37524
894, 1198, 6, 20, 1249, 4691, 4462, 11927
895, 1269, 6, 18, 1196, 5117, 30364, 38299
896, 1236, 7, 18, 1176, 5004, 4212, 11955
897, 1248, 6, 17, 1182, 4991, 30349, 38087
898, 1248, 6, 18, 1143, 4708, 4165, 11646
899, 1312, 6, 18, 1240, 4533, 30363, 37787
900, 1182, 7, 16, 1268, 4610, 4577, 11978
901, 1198, 6, 19, 1167, 4365, 30370, 37434
902, 1180, 7, 19, 1397, 4618, 4404, 11953
903, 1238, 7, 18, 1282, 5966, 30358, 39191
904, 1291, 7, 18, 1235, 4934, 4170, 11962
905, 1237, 6, 18, 1315, 5280, 30341, 38510
906, 1212, 7, 19, 1434, 5184, 4808, 12977
907, 1351, 6, 18, 1100, 5695, 30364, 38854
908, 1246, 6, 18, 1305, 4922, 5195, 13008
909, 1313, 7, 18, 1188, 5058, 30391, 38287
910, 1226, 6, 18, 1252, 5011, 4166, 12010
911, 1266, 6, 19, 1145, 6120, 30364, 39232
912, 1300, 6, 17, 1218, 4899, 4292, 12031
913, 1216, 6, 20, 1183, 4714, 30383, 37854
914, 1033, 7, 20, 1205, 4723, 3371, 10688
915, 976, 7, 19, 1333, 4552, 30366, 37583
916, 1027, 7, 21, 1145, 4643, 3836, 10997
917, 991, 7, 20, 1302, 4696, 30353, 37680
918, 1105, 8, 20, 1296, 4461, 3821, 11037
919, 1063, 5, 17, 1080, 4442, 30382, 37302
920, 1197, 7, 18, 1187, 4571, 3768, 11062
921, 1208, 5, 18, 1179, 4588, 30382, 37686
922, 1274, 6, 19, 1236, 4576, 3549, 10987
923, 973, 6, 17, 1190, 4431, 30363, 37285
924, 1087, 6, 15, 1236, 4417, 4080, 11139
925, 939, 6, 19, 1242, 4415, 30347, 37278
926, 1066, 6, 17, 1277, 4445, 3946, 11078
927, 1009, 6, 17, 1058, 4273, 30370, 37039
928, 1085, 6, 18, 1091, 4451, 4145, 11125
929, 948, 5, 14, 1213, 5956, 30347, 38808
930, 1073, 6, 18, 1247, 4385, 4056, 11113
931, 1030, 7, 18, 1176, 6236, 30350, 39129
932, 1074, 6, 19, 1340, 6009, 3330, 12109
933, 1079, 7, 16, 1183, 5676, 30370, 38648
934, 1139, 6, 18, 1146, 5979, 3582, 12192
935, 945, 6, 18, 1210, 5642, 30336, 38455
936, 1137, 7, 18, 1209, 7564, 3922, 14182
937, 1010, 6, 18, 1132, 6181, 30347, 38981
938, 1123, 6, 17, 1121, 8980, 3625, 15175
939, 1084, 6, 17, 1177, 7598, 30356, 40536
940, 1067, 6, 20, 1259, 7626, 3920, 14216
941, 1004, 6, 20, 1093, 7791, 30378, 40612
942, 999, 6, 20, 1281, 9727, 3874, 16217
943, 1026, 7, 19, 1248, 8642, 30389, 41672
944, 1169, 8, 18, 1191, 9617, 4520, 16867
945, 946, 5, 18, 1178, 9304, 30368, 42137
946, 1100, 6, 19, 1262, 10020, 4487, 17249
947, 1096, 6, 19, 1248, 9278, 30365, 42351
948, 1385, 7, 20, 1329, 9776, 1668, 14523
949, 1159, 7, 22, 1189, 9023, 30379, 42094
950, 1045, 7, 19, 1275, 9469, 1368, 13518
951, 1132, 7, 17, 1348, 9721, 30388, 42945
952, 1212, 9, 20, 1273, 9517, 2234, 14601
953, 1093, 8, 20, 1267, 9230, 30380, 42303
954, 1158, 7, 20, 1242, 9426, 1416, 13584
955, 1221, 7, 18, 1246, 11099, 30368, 44283
956, 1244, 8, 22, 1302, 7989, 1698, 12596
957, 1213, 6, 16, 1220, 7504, 30323, 40602
958, 1284, 7, 19, 1248, 8526, 2248, 13640
959, 1352, 7, 20, 1302, 8704, 30364, 42049
960, 1371, 8, 20, 1243, 8999, 1674, 13652
961, 1248, 7, 19, 1211, 9633, 30376, 42808
962, 1192, 6, 19, 1181, 9644, 2265, 14615
963, 1277, 7, 19, 1237, 9966, 30369, 43219
964, 1277, 8, 23, 1343, 9919, 1762, 14676
965, 1321, 9, 21, 1336, 8666, 30329, 42039
966, 1429, 6, 17, 1258, 9180, 1423, 13611
967, 1446, 6, 16, 1323, 9193, 30345, 42647
968, 1339, 7, 16, 1199, 8132, 1289, 12323
969, 1304, 6, 20, 1227, 8631, 30354, 41839
970, 1444, 7, 19, 1154, 9210, 1611, 13777
971, 1268, 7, 18, 1214, 7784, 30367, 40990
972, 1446, 5, 19, 1188, 9834, 2020, 14805
973, 1181, 7, 19, 1194, 9127, 30361, 42210
974, 1429, 7, 18, 1325, 9541, 2119, 14778
975, 1266, 7, 18, 1239, 8604, 30373, 41834
976, 1381, 8, 22, 1316, 10418, 1370, 14837
977, 1122, 7, 21, 1271, 7966, 30391, 41100
978, 1162, 8, 25, 1210, 7351, 1787, 11869
979, 1166, 6, 19, 1275, 9370, 30400, 42584
980, 1119, 6, 20, 1174, 9925, 1287, 13876
981, 1234, 7, 20, 1209, 9551, 30388, 42738
982, 1300, 7, 20, 1283, 9586, 1371, 13891
983, 1287, 7, 19, 1288, 8409, 30391, 41725
984, 1310, 7, 19, 1359, 9078, 1794, 13900
985, 1053, 6, 19, 1294, 7990, 30360, 41052
986, 1198, 8, 17, 1169, 9506, 1703, 13919
987, 1362, 6, 20, 1190, 10114, 30370, 43393
988, 1243, 8, 21, 1324, 9648, 1370, 13957
989, 1215, 7, 19, 1287, 8731, 30416, 41984
990, 1266, 6, 21, 1176, 8998, 2192, 13975
991, 1123, 8, 18, 1164, 8774, 30341, 41758
992, 1343, 7, 21, 1213, 9670, 1449, 13992
993, 1213, 9, 17, 1260, 9797, 30348, 42973
994, 1279, 7, 18, 1208, 8723, 1474, 13032
995, 1296, 8, 21, 1199, 9809, 30363, 43007
996, 1363, 6, 19, 1153, 8904, 1272, 13035
997, 1118, 6, 17, 1219, 9592, 30320, 42579
998, 1318, 7, 18, 1194, 9703, 1478, 14038
999, 1028, 6, 18, 1193, 9864, 30388, 42797
1000, 1123, 6, 18, 1269, 9761, 1537, 14034
1001, 989, 7, 19, 1218, 9367, 30357, 42277
1002, 1081, 7, 19, 1234, 8291, 1826, 12777
1003, 965, 7, 18, 1159, 8975, 30366, 41780
1004, 1312, 6, 19, 1182, 9010, 1265, 13087
1005, 1005, 6, 19, 1190, 9398, 30341, 42269
1006, 1240, 6, 18, 1175, 8311, 1972, 13049
1007, 1036, 6, 19, 1121, 8245, 30376, 41127
1008, 1180, 7, 19, 1251, 9955, 1345, 14076
1009, 1014, 6, 18, 1188, 9143, 30336, 42024
1010, 1291, 8, 18, 1163, 8957, 1370, 13110
1011, 982, 7, 19, 1227, 9986, 30391, 42911
1012, 1020, 6, 21, 1205, 7756, 1807, 12138
1013, 988, 6, 18, 1149, 8843, 30334, 41649
1014, 1060, 6, 18, 1089, 7784, 1909, 12183
1015, 1010, 6, 17, 1094, 9332, 30313, 42073
1016, 1160, 5, 17, 1164, 8405, 2151, 13205
1017, 1211, 7, 18, 1126, 9594, 30327, 42570
1018, 1094, 5, 16, 1171, 7410, 1270, 11260
1019, 1002, 7, 19, 1219, 9111, 30328, 42003
1020, 1056, 6, 18, 1218, 7409, 2202, 12226
1021, 1116, 6, 19, 1202, 7880, 30366, 40892
1022, 1061, 6, 17, 1181, 7317, 1390, 11281
1023, 957, 7, 16, 1213, 9019, 30352, 41897
1024, 1145, 6, 19, 1172, 8517, 2088, 13259
1025, 1072, 5, 18, 1205, 9739, 30334, 42671
1026, 1107, 6, 17, 1159, 7255, 1470, 11323
1027, 1177, 7, 18, 1265, 9175, 30306, 42264
1028, 1162, 7, 19, 1192, 8939, 1682, 13300
1029, 1105, 6, 18, 1221, 9114, 30326, 42110
1030, 1013, 6, 18, 1181, 8374, 2111, 13014
1031, 1196, 7, 19, 1282, 9024, 30314, 42135
1032, 1347, 5, 18, 1181, 7763, 1435, 12062
1033, 1029, 6, 17, 1232, 8930, 30294, 41800
1034, 1114, 6, 16, 1203, 8222, 1477, 12346
1035, 1003, 7, 17, 1219, 9010, 30333, 41884
1036, 1073, 6, 18, 1131, 7845, 1988, 12390
1037, 975, 6, 19, 1150, 9481, 30340, 42282
1038, 1083, 6, 17, 1217, 7621, 2004, 12253
1039, 1028, 5, 19, 1319, 7740, 30358, 40778
1040, 1168, 6, 18, 1152, 7584, 2134, 12374
1041, 1013, 7, 18, 1250, 7276, 30342, 40207
1042, 1159, 6, 18, 1122, 6908, 1897, 11410
1043, 1171, 6, 18, 1263, 7537, 30370, 40665
1044, 1118, 6, 18, 1205, 7592, 2200, 12443
1045, 1068, 6, 18, 1124, 8599, 30369, 41487
1046, 1029, 6, 17, 1166, 7676, 1283, 11492
1047, 1100, 6, 17, 1123, 9418, 30338, 42310
1048, 1216, 5, 17, 1247, 8791, 1872, 13451
1049, 1057, 7, 17, 1127, 9113, 30320, 41961
1050, 1066, 6, 17, 1207, 7243, 1672, 11524
1051, 1002, 7, 18, 1157, 9410, 30327, 42218
1052, 1025, 7, 17, 1187, 7133, 1885, 11534
1053, 943, 7, 17, 1184, 9416, 30369, 42242
1054, 1133, 5, 17, 1255, 7650, 2168, 12532
1055, 977, 5, 17, 1215, 8973, 30364, 41865
1056, 1024, 6, 18, 1267, 7407, 1479, 11510
1057, 911, 6, 18, 1240, 8620, 30330, 41442
1058, 1070, 6, 18, 1163, 7286, 1706, 11555
1059, 1026, 5, 18, 1170, 8874, 30328, 41740
1060, 1084, 6, 17, 1200, 8301, 1719, 12619
1061, 1033, 6, 18, 1158, 8887, 30350, 41753
1062, 987, 6, 18, 1126, 7856, 1311, 11603
1063, 940, 7, 22, 1240, 9419, 30385, 42315
1064, 1010, 6, 19, 1158, 8479, 1670, 12637
1065, 1308, 7, 18, 1163, 8949, 30337, 42085
1066, 1126, 7, 17, 1183, 6999, 2042, 11678
1067, 981, 5, 17, 1151, 8915, 30385, 41760
1068, 1048, 5, 19, 1145, 7772, 2112, 12405
1069, 994, 5, 15, 1167, 7815, 30393, 40703
1070, 1033, 7, 18, 1208, 8133, 1869, 12607
1071, 1194, 6, 18, 1281, 7438, 30379, 40644
1072, 1024, 7, 19, 1271, 7627, 1471, 11760
1073, 966, 7, 17, 1237, 10152, 30369, 43057
1074, 1132, 8, 20, 1266, 9721, 1281, 13744
1075, 1043, 8, 18, 1170, 9223, 30344, 42109
1076, 1105, 6, 21, 1211, 8336, 1900, 12881
1077, 1139, 5, 17, 1101, 9829, 30373, 42751
1078, 1033, 8, 18, 1082, 7368, 2066, 11873
1079, 1009, 7, 20, 1229, 7336, 30340, 40258
1080, 1237, 5, 15, 1124, 8138, 2102, 12924
1081, 1030, 7, 18, 1165, 9139, 30371, 42007
1082, 1108, 7, 20, 1272, 7724, 1550, 11986
1083, 1064, 7, 19, 1240, 9125, 30400, 42181
1084, 1228, 6, 19, 1140, 7293, 2058, 12073
1085, 943, 5, 17, 1188, 7855, 30337, 40646
1086, 1128, 7, 20, 1140, 8162, 1387, 12155
1087, 1066, 7, 18, 1197, 9542, 30305, 42436
1088, 1189, 6, 19, 1209, 9644, 1921, 14293
1089, 1033, 5, 17, 1171, 9478, 30334, 42325
1090, 1124, 6, 18, 1205, 7012, 1727, 11396
1091, 1043, 7, 18, 1280, 9511, 30319, 42472
1092, 1190, 6, 19, 1154, 7352, 1426, 11454
1093, 1066, 6, 19, 1190, 9339, 30341, 42258
1094, 1183, 5, 17, 1250, 9215, 1505, 13470
1095, 935, 7, 18, 1194, 9882, 30351, 42707
1096, 1016, 7, 18, 1212, 7869, 2125, 12541
1097, 1008, 7, 18, 1214, 8226, 30347, 41133
1098, 1216, 6, 18, 1248, 7374, 1313, 11497
1099, 1036, 6, 18, 1197, 9519, 30335, 42391
1100, 1226, 6, 17, 1342, 7196, 1444, 11556
1101, 1047, 6, 18, 1185, 8437, 30356, 41338
1102, 1228, 7, 18, 1206, 7255, 1508, 11541
1103, 994, 6, 18, 1184, 9004, 30368, 41888
1104, 1126, 6, 19, 1202, 9081, 1822, 13577
1105, 1011, 8, 19, 1224, 9176, 30361, 42119
1106, 1078, 6, 19, 1235, 7178, 1768, 11594
1107, 945, 7, 19, 1267, 9576, 30332, 42445
1108, 1052, 7, 19, 1228, 7481, 1514, 11606
1109, 1096, 6, 18, 1147, 8659, 30326, 41551
1110, 1005, 6, 16, 1181, 8212, 1925, 12679
1111, 961, 6, 18, 1257, 9329, 30355, 42233
1112, 1060, 7, 19, 1155, 7425, 1660, 11647
1113, 896, 6, 16, 1176, 9840, 30372, 42629
1114, 1095, 7, 18, 1220, 9781, 1253, 13693
1115, 893, 7, 18, 1200, 9291, 30382, 42086
1116, 1069, 5, 19, 1178, 7766, 1326, 11677
1117, 909, 7, 19, 1193, 9155, 30351, 41950
1118, 1036, 6, 18, 1231, 7189, 1873, 11674
1119, 1010, 7, 18, 1125, 8844, 30347, 41683
1120, 1116, 7, 18, 1283, 7313, 1593, 11675
1121, 904, 7, 18, 1137, 8879, 30381, 41648
1122, 1130, 6, 18, 1214, 7391, 1664, 11729
1123, 946, 7, 18, 1231, 9770, 30320, 42617
1124, 1055, 7, 18, 1229, 7824, 1353, 11788
1125, 1000, 6, 17, 1298, 10117, 30353, 43115
1126, 1233, 6, 18, 1148, 7349, 1674, 11733
1127, 923, 5, 15, 1121, 9043, 30360, 41759
1128, 1040, 6, 18, 1235, 8633, 1563, 12777
1129, 925, 6, 17, 1174, 9075, 30358, 41839
1130, 964, 6, 18, 1252, 7279, 1899, 11723
1131, 951, 6, 17, 1205, 7223, 30311, 40035
1132, 1117, 6, 17, 1267, 7398, 1638, 11755
1133, 935, 6, 19, 1266, 9898, 30357, 42782
1134, 1166, 6, 18, 1229, 8551, 1484, 12752
1135, 986, 6, 18, 1182, 9612, 30375, 42503
1136, 1184, 6, 18, 1190, 6732, 1316, 10771
1137, 1009, 5, 15, 1185, 9563, 30365, 42468
1138, 1193, 6, 18, 1194, 9229, 1867, 13828
1139, 943, 6, 19, 1066, 8745, 30371, 41460
1140, 1075, 6, 17, 1194, 7422, 1799, 11816
1141, 1026, 6, 18, 1194, 9143, 30332, 42040
1142, 1233, 6, 18, 1187, 7698, 1428, 11890
1143, 1031, 6, 16, 1170, 9486, 30347, 42345
1144, 1169, 6, 16, 1197, 8095, 2183, 12951
1145, 977, 5, 20, 1285, 7188, 30332, 40118
1146, 1154, 6, 18, 1074, 7225, 2212, 11987
1147, 996, 5, 18, 1179, 8114, 30319, 40913
1148, 1023, 6, 18, 1192, 7567, 1998, 12135
1149, 990, 7, 17, 1091, 7508, 30353, 40269
1150, 1055, 6, 18, 1130, 7582, 2006, 12093
1151, 992, 6, 18, 1190, 8768, 30296, 41562
1152, 1024, 6, 16, 1221, 7766, 1794, 12134
1153, 965, 6, 19, 1170, 7155, 30372, 40008
1154, 1058, 6, 18, 1103, 8039, 1544, 12077
1155, 989, 5, 16, 1102, 9156, 30350, 41904
1156, 1084, 6, 18, 1133, 7570, 2149, 12248
1157, 920, 6, 18, 1184, 8485, 30336, 41237
1158, 1216, 5, 18, 1245, 8583, 1582, 12965
1159, 1154, 7, 18, 1128, 9887, 30356, 42847
1160, 1112, 5, 18, 1129, 8080, 1298, 11944
1161, 935, 6, 18, 1243, 9998, 30345, 42876
1162, 1279, 6, 18, 1196, 6937, 1549, 11293
1163, 1167, 6, 18, 1130, 8879, 30289, 41769
1164, 1069, 6, 17, 1099, 8739, 2073, 13313
1165, 1028, 7, 18, 1208, 9318, 30320, 42191
1166, 1231, 5, 17, 1186, 7595, 1689, 12024
1167, 933, 6, 19, 1212, 9281, 30364, 42120
1168, 1219, 6, 17, 1089, 7937, 1501, 12049
1169, 1264, 5, 16, 1328, 10206, 30349, 43451
1170, 1323, 6, 18, 1198, 10498, 2032, 15383
1171, 1151, 6, 16, 1147, 9298, 30309, 42234
1172, 1288, 6, 16, 1122, 8408, 1232, 12362
1173, 1248, 7, 17, 1144, 8984, 30334, 42028
1174, 1255, 7, 18, 1169, 8116, 1207, 12076
1175, 1150, 6, 18, 1273, 8828, 30367, 41959
1176, 1193, 7, 18, 1278, 8334, 1265, 12388
1177, 964, 6, 18, 1220, 9910, 30397, 42821
1178, 1157, 6, 18, 1227, 8409, 1314, 12436
1179, 1133, 6, 18, 1205, 9631, 30342, 42651
1180, 1095, 6, 18, 1201, 8060, 1784, 12476
1181, 1174, 6, 18, 1258, 9935, 30349, 43061
1182, 1279, 6, 19, 1053, 7898, 1953, 12492
1183, 1132, 7, 19, 1227, 7854, 30330, 40860
1184, 1245, 7, 18, 1057, 9599, 2363, 14577
1185, 1071, 7, 16, 1056, 7852, 30389, 40678
1186, 1209, 7, 19, 1128, 7926, 1962, 12565
1187, 932, 6, 18, 1163, 9613, 30369, 42393
1188, 1141, 6, 18, 1160, 8374, 1572, 12580
1189, 961, 6, 17, 1101, 9925, 30301, 42591
1190, 1134, 6, 17, 1092, 8049, 1757, 12327
1191, 986, 6, 18, 1153, 10085, 30355, 42900
1192, 1001, 6, 18, 1204, 9483, 1612, 13617
1193, 954, 6, 18, 1154, 9120, 30365, 41917
1194, 1094, 6, 18, 1243, 9416, 1607, 13696
1195, 942, 7, 18, 1223, 9678, 30335, 42502
1196, 1103, 6, 17, 1184, 8407, 1678, 12686
1197, 1134, 6, 18, 1105, 8715, 30372, 41657
1198, 1143, 6, 18, 1299, 8102, 1879, 12738
1199, 1122, 6, 19, 1245, 7981, 30344, 41010
1200, 1060, 7, 21, 1152, 9163, 2007, 13707
1201, 950, 6, 19, 1066, 9661, 30367, 42390
1202, 1136, 6, 20, 1087, 7388, 1788, 11725
1203, 928, 6, 18, 1193, 9272, 30360, 42081
1204, 1074, 7, 18, 1190, 8182, 1929, 12707
1205, 990, 7, 18, 1174, 7988, 30397, 40889
1206, 1157, 6, 19, 1251, 9098, 1920, 13761
1207, 994, 6, 17, 1136, 8816, 30357, 41626
1208, 1117, 6, 16, 1134, 8333, 1539, 12452
1209, 986, 5, 16, 1185, 9089, 30316, 41894
1210, 1234, 6, 18, 1142, 8926, 2118, 13767
1211, 955, 5, 18, 1170, 8603, 30325, 41380
1212, 1166, 6, 18, 1221, 8031, 1993, 12742
1213, 967, 6, 18, 1251, 8313, 30333, 41201
1214, 1142, 6, 18, 1174, 8292, 1836, 12741
1215, 887, 6, 18, 1213, 8770, 30334, 41508
1216, 1205, 6, 17, 1153, 7323, 1772, 11778
1217, 969, 7, 17, 1145, 8889, 30339, 41665
1218, 1549, 6, 18, 1157, 8321, 2148, 13509
1219, 1006, 7, 18, 1208, 9725, 30341, 42596
1220, 1270, 7, 18, 1205, 7490, 1484, 11783
1221, 962, 5, 17, 1209, 9101, 30338, 41921
1222, 1140, 6, 19, 1149, 8319, 1899, 12830
1223, 910, 6, 15, 1105, 9075, 30356, 41750
1224, 1139, 6, 17, 1141, 8076, 1232, 11902
1225, 928, 5, 17, 1098, 9413, 30338, 42072
1226, 1123, 6, 16, 1154, 6844, 1462, 10900
1227, 958, 5, 19, 1132, 9698, 30348, 42467
1228, 1194, 6, 18, 1217, 8073, 1165, 11961
1229, 991, 5, 17, 1113, 9128, 30294, 41831
1230, 1170, 5, 19, 1182, 8742, 1560, 12993
1231, 989, 7, 19, 1063, 9019, 30329, 41727
1232, 1070, 5, 19, 1020, 7748, 1810, 11958
1233, 939, 6, 18, 1222, 8854, 30355, 41705
1234, 989, 7, 18, 1102, 7909, 1672, 11975
1235, 927, 6, 17, 1161, 9549, 30364, 42320
1236, 1016, 6, 18, 1149, 7905, 1629, 12012
1237, 874, 6, 18, 1217, 9200, 30351, 41979
1238, 1072, 6, 18, 1199, 7295, 2038, 11948
1239, 983, 6, 18, 1112, 8754, 30350, 41542
1240, 1074, 7, 18, 1128, 7273, 1888, 11680
1241, 942, 6, 17, 1118, 9416, 30338, 42123
1242, 1060, 6, 17, 1180, 9141, 1253, 12978
1243, 934, 6, 18, 1240, 8721, 30365, 41582
1244, 1067, 5, 19, 1185, 7578, 1546, 11708
1245, 1002, 6, 17, 1146, 8732, 30311, 41495
1246, 1027, 7, 19, 1259, 8491, 1588, 12704
1247, 1068, 6, 18, 1159, 8014, 30359, 40931
1248, 1152, 7, 21, 1186, 8322, 2006, 13019
1249, 976, 7, 22, 1288, 9041, 30376, 42043
1250, 1121, 7, 22, 1305, 7644, 1648, 12067
1251, 1074, 6, 21, 1218, 8191, 30358, 41205
1252, 1140, 7, 19, 1214, 7478, 1940, 12101
1253, 1134, 6, 19, 1223, 9203, 30347, 42225
1254, 1048, 7, 19, 1257, 8278, 1956, 12876
1255, 966, 6, 17, 1233, 10000, 30407, 42953
1256, 1097, 8, 19, 1254, 7625, 1885, 12221
1257, 1009, 7, 17, 1190, 9539, 30373, 42444
1258, 1120, 7, 18, 1207, 8955, 1648, 13288
1259, 1004, 7, 18, 1300, 9208, 30353, 42227
1260, 1125, 7, 19, 1199, 8886, 1780, 13332
1261, 989, 7, 19, 1242, 9186, 30368, 42139
1262, 1057, 6, 20, 1161, 8867, 1944, 13384
1263, 996, 6, 17, 1238, 8120, 30400, 41106
1264, 1129, 7, 20, 1354, 9914, 1602, 14374
1265, 1165, 5, 17, 1187, 8850, 30415, 41971
1266, 1068, 7, 20, 1194, 7316, 2216, 12141
1267, 1010, 6, 20, 1316, 8293, 30378, 41385
1268, 1117, 7, 23, 1285, 9034, 1655, 13466
1269, 989, 7, 18, 1209, 9390, 30393, 42339
1270, 1210, 7, 20, 1379, 9016, 1518, 13486
1271, 900, 6, 18, 1167, 8491, 30350, 41250
1272, 1139, 6, 21, 1177, 6690, 2211, 11575
1273, 994, 7, 24, 1144, 8347, 30388, 41204
1274, 1154, 6, 17, 1156, 7866, 2114, 12631
1275, 1012, 6, 19, 1203, 9128, 30340, 42031
1276, 1202, 6, 18, 1243, 7311, 1605, 11687
1277, 927, 6, 18, 1228, 9033, 30362, 41876
1278, 1072, 6, 18, 1143, 8856, 2274, 13672
1279, 985, 7, 19, 1173, 9629, 30380, 42536
1280, 1089, 6, 18, 1171, 7435, 1679, 11707
1281, 938, 6, 20, 1158, 9189, 30335, 41943
1282, 1126, 7, 18, 1135, 8579, 1544, 12713
1283, 888, 6, 19, 1134, 8720, 30368, 41412
1284, 1069, 7, 17, 1175, 7737, 1366, 11685
1285, 931, 6, 16, 1171, 9709, 30376, 42543
1286, 1097, 6, 17, 1237, 7589, 1411, 11665
1287, 920, 6, 17, 1245, 8567, 30358, 41414
1288, 1360, 7, 17, 1156, 8625, 2227, 13707
1289, 1128, 6, 18, 1272, 8504, 30353, 41599
1290, 1133, 6, 18, 1178, 8219, 1892, 12755
1291, 999, 6, 15, 1240, 8962, 30325, 41848
1292, 1144, 6, 17, 1216, 9207, 1856, 13743
1293, 954, 7, 19, 1137, 8969, 30339, 41718
1294, 1085, 6, 18, 1295, 7828, 1912, 12446
1295, 984, 5, 18, 1132, 9528, 30361, 42328
1296, 1130, 6, 18, 1149, 7277, 1896, 11768
1297, 945, 7, 19, 1203, 9055, 30345, 41861
1298, 1216, 6, 17, 1212, 8867, 2123, 13767
1299, 922, 6, 17, 1113, 7454, 30331, 40109
1300, 1054, 6, 17, 1151, 7951, 1333, 11809
1301, 959, 6, 18, 1130, 9289, 30350, 42033
1302, 1092, 6, 20, 1138, 6651, 1627, 10837
1303, 958, 6, 17, 1168, 8594, 30353, 41411
1304, 1028, 6, 17, 1136, 7957, 1416, 11863
1305, 933, 5, 16, 1180, 8976, 30380, 41821
1306, 1128, 7, 18, 1187, 9736, 1499, 13882
1307, 945, 6, 19, 1265, 9452, 30335, 42352
1308, 1117, 7, 18, 1196, 6984, 2253, 11864
1309, 996, 5, 17, 1147, 9182, 30343, 41978
1310, 1047, 6, 19, 1119, 7727, 1643, 11876
1311, 919, 6, 17, 1207, 8855, 30328, 41641
1312, 987, 6, 18, 1221, 8795, 1587, 12933
1313, 966, 6, 18, 1186, 9098, 30312, 41897
1314, 886, 6, 18, 1362, 6929, 1461, 10968
1315, 961, 5, 18, 1185, 8848, 30347, 41668
1316, 1056, 5, 18, 1150, 7697, 1822, 12035
1317, 954, 5, 17, 1135, 7891, 30367, 40691
1318, 1061, 6, 18, 1225, 8177, 2271, 13083
1319, 954, 7, 18, 1212, 7886, 30335, 40717
1320, 1030, 6, 17, 1240, 9099, 1469, 13159
1321, 985, 6, 18, 1119, 8928, 30342, 41697
1322, 1031, 6, 17, 1164, 7996, 1697, 12219
1323, 968, 6, 17, 1253, 9506, 30350, 42419
1324, 1066, 6, 18, 1172, 7492, 1220, 11276
1325, 980, 6, 17, 1160, 8923, 30336, 41704
1326, 959, 6, 18, 1153, 7339, 1550, 11336
1327, 1062, 6, 18, 1153, 9039, 30350, 41943
1328, 997, 6, 19, 1078, 8026, 1961, 12395
1329, 968, 6, 23, 1167, 7023, 30332, 39806
1330, 1086, 7, 20, 1198, 8263, 1555, 12440
1331, 967, 6, 17, 1174, 9383, 30319, 42184
1332, 1101, 6, 18, 1261, 8746, 2050, 13491
1333, 969, 7, 19, 1104, 9158, 30316, 41846
1334, 1040, 6, 18, 1257, 6792, 2197, 11597
1335, 926, 5, 19, 1122, 9143, 30326, 41836
1336, 1084, 6, 18, 1223, 7454, 1554, 11653
1337, 926, 6, 17, 1271, 7987, 30374, 40901
1338, 1096, 6, 17, 1225, 8795, 1227, 12672
1339, 976, 5, 18, 1201, 8858, 30369, 41721
1340, 980, 6, 19, 1224, 6883, 2039, 11471
1341, 958, 6, 17, 1229, 8465, 30311, 41306
1342, 1069, 6, 18, 1071, 7611, 1784, 11861
1343, 941, 6, 19, 1156, 9038, 30367, 41843
1344, 1131, 6, 18, 1058, 6683, 1670, 10867
1345, 955, 6, 18, 1090, 9332, 30361, 42046
1346, 1108, 6, 18, 1203, 7160, 2133, 11945
1347, 964, 6, 17, 1187, 8742, 30342, 41563
1348, 1123, 6, 17, 1131, 7317, 2126, 12023
1349, 945, 7, 20, 1213, 8197, 30353, 41053
1350, 1143, 6, 18, 1187, 7634, 1819, 12129
1351, 1183, 8, 19, 1257, 9836, 30336, 42969
1352, 1345, 6, 18, 1234, 7742, 1507, 12164
1353, 971, 9, 19, 1214, 8563, 30365, 41478
1354, 1073, 6, 17, 1087, 7571, 1192, 11259
1355, 982, 6, 19, 1187, 9433, 30347, 42285
1356, 1050, 5, 17, 1205, 9045, 1626, 13274
1357, 895, 6, 18, 1216, 8611, 30327, 41381
1358, 1057, 6, 17, 1150, 7741, 2055, 12340
1359, 951, 5, 17, 1150, 7687, 30342, 40465
1360, 1277, 6, 19, 1206, 8105, 1450, 12349
1361, 1204, 7, 19, 1241, 7967, 30354, 41106
1362, 1165, 7, 18, 1203, 7559, 1241, 11498
1363, 987, 7, 17, 1057, 9205, 30304, 41878
1364, 1089, 6, 18, 1231, 6576, 1283, 10510
1365, 990, 5, 18, 1088, 8328, 30346, 41065
1366, 1120, 6, 17, 1218, 7996, 1917, 12577
1367, 913, 6, 18, 1070, 8999, 30342, 41640
1368, 1125, 6, 17, 1175, 7211, 1823, 11644
1369, 912, 5, 18, 1212, 9698, 30355, 42528
1370, 1068, 6, 18, 1169, 7650, 1553, 11750
1371, 988, 7, 18, 1159, 7703, 30334, 40515
1372, 1189, 6, 19, 1135, 7273, 1903, 11814
1373, 900, 5, 16, 1159, 9529, 30346, 42258
1374, 1108, 6, 17, 1179, 8218, 2021, 12837
1375, 929, 6, 17, 1181, 8906, 30367, 41701
1376, 1103, 6, 18, 1073, 6925, 1503, 10908
1377, 968, 6, 18, 1079, 8551, 30318, 41234
1378, 1069, 5, 17, 1131, 7695, 1725, 11941
1379, 984, 6, 18, 1228, 8971, 30315, 41831
1380, 1059, 6, 18, 1146, 7034, 1429, 10977
1381, 995, 6, 18, 1236, 9376, 30343, 42295
1382, 1157, 6, 17, 1229, 7760, 1476, 11959
1383, 1003, 6, 18, 1133, 9247, 30355, 42086
1384, 994, 5, 18, 1358, 7177, 2090, 11967
1385, 977, 8, 18, 1230, 9072, 30376, 41994
1386, 1106, 6, 19, 1259, 8189, 2107, 13016
1387, 983, 7, 18, 1232, 8826, 30385, 41796
1388, 1126, 8, 19, 1208, 7774, 1578, 12058
1389, 1025, 8, 19, 1275, 6904, 30364, 39945
1390, 1151, 6, 20, 1204, 7941, 1457, 12107
1391, 985, 7, 20, 1227, 9001, 30360, 41940
1392, 1098, 8, 23, 1263, 7127, 1227, 11067
1393, 936, 7, 19, 1339, 9492, 30363, 42495
1394, 1119, 7, 21, 1268, 9624, 1624, 13993
1395, 934, 7, 18, 1249, 9204, 30377, 42088
1396, 1069, 8, 20, 1286, 7509, 1850, 12069
1397, 959, 7, 20, 1233, 9765, 30379, 42687
1398, 1085, 7, 22, 1382, 6784, 1488, 11120
1399, 949, 7, 18, 1242, 9522, 30354, 42391
1400, 1040, 6, 19, 1183, 7478, 2077, 12133
1401, 968, 7, 20, 1284, 7530, 30390, 40530
1402, 1125, 7, 19, 1235, 8142, 1291, 12136
1403, 939, 6, 17, 1148, 9566, 30368, 42353
1404, 1170, 7, 18, 1214, 8833, 1634, 13214
1405, 949, 6, 18, 1276, 9509, 30358, 42421
1406, 1108, 7, 20, 1177, 7480, 2127, 12236
1407, 938, 7, 18, 1160, 8684, 30332, 41412
1408, 951, 7, 17, 1226, 7513, 1217, 11257
1409, 914, 6, 18, 1182, 9634, 30334, 42408
1410, 989, 6, 18, 1236, 8190, 1509, 12254
1411, 993, 6, 18, 1219, 8908, 30351, 41798
1412, 1189, 6, 19, 1217, 8315, 2184, 13241
1413, 1019, 7, 19, 1259, 9608, 30369, 42588
1414, 1202, 6, 20, 1187, 7743, 1777, 12260
1415, 916, 6, 18, 1113, 9452, 30334, 42159
1416, 1159, 7, 19, 1229, 7716, 1805, 12270
1417, 1051, 7, 19, 1170, 9623, 30323, 42487
1418, 1083, 6, 18, 1186, 7506, 2174, 12298
1419, 1044, 7, 19, 1187, 9733, 30370, 42669
1420, 1005, 7, 19, 1324, 8043, 1538, 12258
1421, 1094, 7, 19, 1298, 9951, 30351, 43033
1422, 1202, 7, 19, 1153, 10347, 2245, 15293
1423, 970, 6, 23, 1367, 8767, 30393, 41873
1424, 1109, 8, 22, 1268, 8316, 2240, 13296
1425, 1014, 7, 19, 1277, 7592, 30363, 40573
1426, 1139, 8, 19, 1247, 8064, 1460, 12283
1427, 996, 7, 17, 1328, 9797, 30401, 42868
1428, 1108, 7, 20, 1278, 7983, 1588, 12313
1429, 962, 7, 18, 1264, 9791, 30391, 42738
1430, 1105, 7, 21, 1221, 8698, 1966, 13346
1431, 991, 8, 17, 1141, 9761, 30392, 42630
1432, 1136, 9, 19, 1288, 9062, 1482, 13325
1433, 948, 8, 23, 1418, 9982, 30389, 43093
1434, 1143, 7, 19, 1317, 9213, 1309, 13334
1435, 993, 8, 20, 1365, 9755, 30406, 42876
1436, 1046, 8, 20, 1159, 7969, 1811, 12339
1437, 939, 8, 19, 1360, 9100, 30371, 42137
1438, 1165, 8, 18, 1192, 7415, 1232, 11342
1439, 968, 7, 18, 1317, 9631, 30363, 42619
1440, 1180, 7, 20, 1298, 7362, 2117, 12335
1441, 960, 7, 21, 1394, 9742, 30418, 42890
1442, 1074, 8, 24, 1376, 7693, 1606, 12106
1443, 1055, 8, 14, 1115, 7767, 30353, 40631
1444, 1081, 7, 20, 1237, 8581, 2141, 13388
1445, 980, 8, 18, 1242, 10175, 30376, 43127
1446, 1166, 8, 19, 1169, 7521, 1251, 11438
1447, 925, 6, 18, 1138, 9364, 30358, 42112
1448, 1113, 5, 16, 1206, 8963, 1899, 13514
1449, 966, 6, 18, 1141, 9438, 30349, 42207
1450, 1061, 5, 18, 1229, 6931, 1934, 11508
1451, 986, 7, 18, 1166, 9077, 30337, 41895
1452, 1100, 6, 17, 1162, 7611, 2063, 12236
1453, 952, 7, 18, 1147, 7452, 30349, 40241
1454, 1027, 6, 17, 1188, 8901, 2097, 13538
1455, 970, 6, 17, 1234, 9150, 30370, 42076
1456, 1179, 8, 19, 1256, 8859, 1845, 13496
1457, 979, 7, 17, 1208, 9567, 30371, 42462
1458, 1055, 6, 16, 1193, 7724, 1217, 11525
1459, 944, 8, 19, 1210, 9895, 30352, 42722
1460, 1117, 6, 17, 1268, 7058, 1751, 11560
1461, 985, 9, 21, 1252, 9665, 30407, 42658
1462, 1236, 7, 19, 1291, 8985, 1748, 13613
1463, 959, 8, 20, 1156, 9516, 30357, 42313
1464, 1173, 6, 17, 1285, 7658, 2126, 12575
1465, 962, 8, 18, 1119, 9713, 30345, 42488
1466, 1125, 6, 18, 1151, 7776, 2208, 12588
1467, 898, 7, 19, 1104, 9009, 30275, 41593
1468, 1141, 5, 17, 1186, 9627, 1406, 13666
1469, 975, 6, 18, 1119, 9160, 30319, 41901
1470, 1055, 6, 18, 1132, 7684, 1570, 11753
1471, 936, 5, 17, 1067, 8925, 30290, 41525
1472, 1158, 6, 18, 1101, 7706, 1462, 11755
1473, 961, 7, 19, 1167, 9720, 30347, 42531
1474, 1278, 6, 18, 1438, 8469, 2269, 13772
1475, 1097, 6, 16, 1102, 7695, 30342, 40559
1476, 1279, 6, 19, 1235, 8807, 2150, 13809
1477, 972, 6, 19, 1091, 9165, 30338, 41856
1478, 1162, 7, 19, 1145, 8920, 1315, 12858
1479, 996, 6, 18, 1120, 10418, 30338, 43192
1480, 1408, 5, 17, 1163, 7405, 1595, 11901
1481, 1122, 7, 17, 1164, 9830, 30355, 42815
1482, 1401, 6, 18, 1199, 10639, 1376, 14942
1483, 1138, 6, 18, 1267, 9994, 30355, 43100
1484, 1103, 7, 19, 1181, 8360, 2036, 13022
1485, 1207, 7, 18, 1204, 9796, 30343, 42873
1486, 1293, 6, 18, 1127, 8211, 2153, 13114
1487, 936, 6, 18, 1151, 10150, 30373, 42924
1488, 1069, 5, 18, 1148, 7375, 2254, 12172
1489, 1124, 6, 19, 1175, 8180, 30301, 41098
1490, 1207, 6, 18, 1188, 8192, 2208, 13147
1491, 1188, 5, 17, 1129, 7592, 30315, 40530
1492, 1200, 6, 19, 1187, 10108, 1400, 14239
1493, 948, 6, 18, 1147, 9631, 30345, 42379
1494, 1100, 6, 18, 1191, 9304, 1345, 13278
1495, 1149, 6, 18, 1147, 9739, 30321, 42681
1496, 1225, 6, 17, 1183, 7320, 2298, 12346
1497, 1201, 6, 17, 1219, 9361, 30360, 42462
1498, 1378, 6, 18, 1139, 9636, 1918, 14408
1499, 1209, 5, 17, 1098, 8000, 30356, 40977
1500, 1371, 6, 17, 1154, 8519, 2065, 13449
1501, 997, 6, 18, 1092, 9902, 30356, 42654
1502, 1333, 7, 18, 1338, 8692, 1789, 13495
1503, 1126, 6, 18, 1108, 9035, 30352, 41942
1504, 1340, 7, 17, 1096, 7945, 1797, 12485
1505, 1159, 6, 18, 1152, 8412, 30351, 41412
1506, 1320, 6, 17, 1218, 8255, 1384, 12504
1507, 1381, 6, 15, 1061, 9551, 30329, 42647
1508, 1247, 6, 17, 1132, 8763, 2062, 13514
1509, 1176, 5, 17, 1201, 7894, 30337, 40928
1510, 1129, 6, 16, 1196, 7998, 1880, 12528
1511, 1207, 6, 17, 1163, 8929, 30350, 41975
1512, 1024, 6, 18, 1254, 8394, 1260, 12279
1513, 1073, 6, 18, 1228, 9981, 30392, 43003
1514, 1084, 7, 18, 1224, 9029, 1916, 13573
1515, 942, 6, 17, 1218, 8982, 30351, 41807
1516, 1061, 6, 18, 1231, 8462, 1537, 12623
1517, 968, 6, 18, 1203, 9721, 30350, 42563
1518, 1020, 6, 18, 1259, 8546, 1473, 12636
1519, 915, 6, 16, 1157, 9802, 30334, 42528
1520, 1100, 6, 17, 1176, 7042, 1980, 11619
1521, 962, 6, 17, 1151, 9506, 30325, 42274
1522, 1028, 6, 19, 1147, 7856, 1266, 11623
1523, 1150, 7, 19, 1167, 9843, 30367, 42854
1524, 1065, 6, 19, 1164, 7567, 1205, 11312
1525, 942, 7, 18, 1137, 9905, 30320, 42642
1526, 1016, 6, 17, 1199, 7613, 1457, 11603
1527, 966, 6, 18, 1104, 8736, 30349, 41485
1528, 1105, 6, 17, 1063, 4852, 4018, 11357
1529, 992, 6, 18, 1091, 9259, 30329, 42001
1530, 1130, 6, 19, 1154, 8483, 1568, 12650
1531, 1067, 6, 17, 1242, 8123, 30336, 41074
1532, 1062, 6, 18, 1200, 8669, 1490, 12752
1533, 964, 6, 16, 1187, 9483, 30372, 42325
1534, 1109, 6, 18, 1151, 6914, 1269, 10788
1535, 984, 6, 18, 1256, 9068, 30295, 41937
1536, 1303, 6, 18, 1162, 9698, 1438, 13909
1537, 1008, 5, 16, 1178, 9145, 30341, 42013
1538, 1187, 7, 17, 1202, 7400, 1880, 12004
1539, 994, 6, 18, 1168, 7444, 30365, 40307
1540, 1161, 6, 18, 1138, 6521, 1925, 11077
1541, 990, 6, 17, 1196, 8824, 30332, 41669
1542, 1160, 6, 19, 1214, 9130, 1284, 13144
1543, 965, 6, 18, 1136, 8156, 30323, 40895
1544, 1066, 6, 18, 1053, 7469, 2261, 12183
1545, 1018, 6, 18, 1181, 8685, 30322, 41532
1546, 1071, 6, 17, 1239, 9578, 1970, 14199
1547, 938, 6, 18, 1137, 7639, 30375, 40400
1548, 1169, 6, 18, 1171, 8531, 2014, 13207
1549, 1010, 6, 17, 1165, 8763, 30352, 41620
1550, 1136, 6, 18, 1213, 7922, 1686, 12263
1551, 1015, 6, 18, 1197, 8347, 30347, 41208
1552, 1120, 6, 18, 1249, 4523, 1777, 8973
1553, 1013, 6, 13, 1123, 8097, 30319, 40829
1554, 1117, 5, 19, 1175, 5095, 1560, 9281
1555, 1006, 6, 18, 1273, 7494, 30367, 40465
1556, 1128, 6, 17, 1162, 9366, 2260, 14244
1557, 979, 7, 17, 1190, 8478, 30346, 41323
1558, 1050, 5, 14, 1090, 7497, 1294, 11232
1559, 985, 6, 17, 1121, 7525, 30339, 40292
1560, 1028, 6, 17, 1211, 8828, 1890, 13297
1561, 934, 6, 18, 1165, 9575, 30325, 42310
1562, 1052, 6, 17, 1125, 9335, 1466, 13303
1563, 935, 6, 18, 1131, 9584, 30356, 42342
1564, 1104, 6, 17, 1167, 9208, 1478, 13296
1565, 969, 5, 16, 1103, 9094, 30356, 41832
1566, 947, 5, 19, 1097, 7148, 1793, 11305
1567, 1035, 5, 19, 1172, 8338, 30325, 41190
1568, 1079, 6, 17, 1227, 8950, 1431, 13000
1569, 986, 7, 18, 1239, 8700, 30358, 41620
1570, 1267, 7, 18, 1155, 7177, 1346, 11298
1571, 934, 6, 18, 1176, 8401, 30363, 41210
1572, 1046, 6, 17, 1204, 8998, 1754, 13345
1573, 894, 5, 17, 1122, 8452, 2015, 12818
