Index,Image,Checkpointed,Checkpoint size,Freezing time,Frozen time,Memdump time,Memwrite time,Total dump time (ms)
46,10.0.0.180:5000/localmongo:latest,2024-06-03T10:19:15Z,72.2 MiB,2.736 ms,189.98 ms,84.632 ms,63.496 ms,340.844
611,10.0.0.180:5000/localmongo:latest,2024-06-03T15:36:58Z,73.9 MiB,2.759 ms,208.21 ms,82.941 ms,64.642 ms,358.552
31,10.0.0.180:5000/localmongo:latest,2024-06-03T10:12:27Z,72.2 MiB,2.766 ms,192.89 ms,81.054 ms,57.129 ms,333.839
278,10.0.0.180:5000/localmongo:latest,2024-06-03T13:45:48Z,72.0 MiB,2.597 ms,188.91 ms,81.034 ms,60.169 ms,332.71
51,10.0.0.180:5000/localmongo:latest,2024-06-03T10:21:34Z,72.2 MiB,2.758 ms,206.79 ms,88.926 ms,64.264 ms,362.738
714,10.0.0.180:5000/localmongo:latest,2024-06-03T16:25:29Z,74.0 MiB,2.655 ms,198.36 ms,88.317 ms,67.336 ms,356.668
116,10.0.0.180:5000/localmongo:latest,2024-06-03T12:27:54Z,71.9 MiB,3.052 ms,220.76 ms,87.59 ms,63.11 ms,374.512
163,10.0.0.180:5000/localmongo:latest,2024-06-03T12:49:59Z,72.0 MiB,1.992 ms,169.84 ms,71.414 ms,52.855 ms,296.101
62,10.0.0.180:5000/localmongo:latest,2024-06-03T10:26:50Z,72.4 MiB,2.773 ms,200.19 ms,74.346 ms,52.192 ms,329.501
636,10.0.0.180:5000/localmongo:latest,2024-06-03T15:48:02Z,73.9 MiB,3.024 ms,219.53 ms,102.07 ms,74.735 ms,399.359
89,10.0.0.180:5000/localmongo:latest,2024-06-03T12:15:07Z,72.2 MiB,2.545 ms,202.4 ms,84.881 ms,61.926 ms,351.752
1,10.0.0.180:5000/localmongo:latest,2024-06-03T11:25:54Z,72.2 MiB,2.771 ms,185.95 ms,76.436 ms,59.272 ms,324.429
324,10.0.0.180:5000/localmongo:latest,2024-06-03T14:09:05Z,72.5 MiB,2.649 ms,203.74 ms,82.745 ms,62.031 ms,351.165
194,10.0.0.180:5000/localmongo:latest,2024-06-03T13:06:06Z,72.0 MiB,2.795 ms,202.06 ms,87.239 ms,65.365 ms,357.459
720,10.0.0.180:5000/localmongo:latest,2024-06-03T16:28:07Z,74.0 MiB,2.751 ms,209.41 ms,88.832 ms,66.012 ms,367.005
725,10.0.0.180:5000/localmongo:latest,2024-06-03T16:30:21Z,74.0 MiB,2.587 ms,191.33 ms,86.16 ms,65.021 ms,345.098
693,10.0.0.180:5000/localmongo:latest,2024-06-03T16:16:06Z,74.0 MiB,3.004 ms,216.86 ms,96.649 ms,73.082 ms,389.595
185,10.0.0.180:5000/localmongo:latest,2024-06-03T13:02:12Z,72.0 MiB,2.717 ms,198.37 ms,82.539 ms,62.703 ms,346.329
286,10.0.0.180:5000/localmongo:latest,2024-06-03T13:49:26Z,72.0 MiB,2.719 ms,198.96 ms,85.16 ms,61.762 ms,348.601
187,10.0.0.180:5000/localmongo:latest,2024-06-03T13:03:04Z,72.0 MiB,2.734 ms,203.94 ms,82.742 ms,63.541 ms,352.957
302,10.0.0.180:5000/localmongo:latest,2024-06-03T13:56:42Z,72.4 MiB,2.847 ms,196.35 ms,83.448 ms,60.775 ms,343.42
244,10.0.0.180:5000/localmongo:latest,2024-06-03T13:30:03Z,72.0 MiB,2.696 ms,199.55 ms,85.22 ms,61.029 ms,348.495
67,10.0.0.180:5000/localmongo:latest,2024-06-03T10:30:21Z,72.4 MiB,2.702 ms,188.22 ms,79.149 ms,59.589 ms,329.66
90,10.0.0.180:5000/localmongo:latest,2024-06-03T12:15:31Z,72.2 MiB,2.616 ms,210.95 ms,90.438 ms,66.974 ms,370.978
52,10.0.0.180:5000/localmongo:latest,2024-06-03T11:59:29Z,72.2 MiB,2.76 ms,188.39 ms,76.84 ms,56.39 ms,324.38
119,10.0.0.180:5000/localmongo:latest,2024-06-03T11:07:39Z,72.2 MiB,2.711 ms,223.64 ms,102.17 ms,75.012 ms,403.533
55,10.0.0.180:5000/localmongo:latest,2024-06-03T10:23:19Z,72.2 MiB,2.708 ms,209.73 ms,89.792 ms,64.982 ms,367.212
58,10.0.0.180:5000/localmongo:latest,2024-06-03T10:24:38Z,72.4 MiB,2.637 ms,198.13 ms,81.985 ms,61.574 ms,344.326
128,10.0.0.180:5000/localmongo:latest,2024-06-03T11:13:19Z,72.2 MiB,2.665 ms,209.71 ms,88.165 ms,62.949 ms,363.489
255,10.0.0.180:5000/localmongo:latest,2024-06-03T13:35:30Z,72.0 MiB,2.589 ms,189.92 ms,78.653 ms,60.065 ms,331.227
208,10.0.0.180:5000/localmongo:latest,2024-06-03T13:12:08Z,72.0 MiB,2.63 ms,195.9 ms,73.724 ms,51.834 ms,324.088
125,10.0.0.180:5000/localmongo:latest,2024-06-03T12:33:15Z,72.0 MiB,2.87 ms,224.36 ms,103.45 ms,75.949 ms,406.629
330,10.0.0.180:5000/localmongo:latest,2024-06-03T14:11:41Z,72.5 MiB,2.62 ms,193.25 ms,77.589 ms,59.326 ms,332.785
620,10.0.0.180:5000/localmongo:latest,2024-06-03T15:40:58Z,73.9 MiB,3.386 ms,199.34 ms,86.606 ms,64.892 ms,354.224
263,10.0.0.180:5000/localmongo:latest,2024-06-03T13:39:07Z,72.0 MiB,2.766 ms,198.81 ms,79.468 ms,62.301 ms,343.345
170,10.0.0.180:5000/localmongo:latest,2024-06-03T12:53:03Z,72.0 MiB,2.737 ms,197.52 ms,78.654 ms,54.717 ms,333.628
209,10.0.0.180:5000/localmongo:latest,2024-06-03T13:12:34Z,72.0 MiB,2.825 ms,206.31 ms,88.378 ms,63.277 ms,360.79
282,10.0.0.180:5000/localmongo:latest,2024-06-03T13:47:36Z,72.0 MiB,2.746 ms,204.19 ms,81.512 ms,60.82 ms,349.268
123,10.0.0.180:5000/localmongo:latest,2024-06-03T12:32:21Z,72.0 MiB,2.753 ms,210.67 ms,86.39 ms,62.458 ms,362.271
670,10.0.0.180:5000/localmongo:latest,2024-06-03T16:05:45Z,74.0 MiB,3.094 ms,214.95 ms,88.434 ms,64.533 ms,371.011
716,10.0.0.180:5000/localmongo:latest,2024-06-03T16:26:22Z,74.0 MiB,3.099 ms,196.99 ms,81.947 ms,63.3 ms,345.336
319,10.0.0.180:5000/localmongo:latest,2024-06-03T14:06:51Z,72.5 MiB,2.668 ms,214.38 ms,97.491 ms,75.188 ms,389.727
238,10.0.0.180:5000/localmongo:latest,2024-06-03T13:25:11Z,72.0 MiB,2.742 ms,209.16 ms,86.313 ms,60.948 ms,359.163
52,10.0.0.180:5000/localmongo:latest,2024-06-03T10:22:01Z,72.2 MiB,2.771 ms,218.77 ms,89.937 ms,64.862 ms,376.34
245,10.0.0.180:5000/localmongo:latest,2024-06-03T13:30:57Z,72.0 MiB,2.812 ms,199.49 ms,87.709 ms,60.882 ms,350.893
48,10.0.0.180:5000/localmongo:latest,2024-06-03T11:56:54Z,72.2 MiB,2.77 ms,203.28 ms,85.608 ms,60.694 ms,352.352
25,10.0.0.180:5000/localmongo:latest,2024-06-03T11:45:07Z,72.2 MiB,2.509 ms,185.08 ms,81.042 ms,61.397 ms,330.028
677,10.0.0.180:5000/localmongo:latest,2024-06-03T16:08:54Z,74.0 MiB,2.804 ms,202.52 ms,82.794 ms,64.496 ms,352.614
237,10.0.0.180:5000/localmongo:latest,2024-06-03T13:24:45Z,72.0 MiB,2.879 ms,211.89 ms,86.06 ms,61.463 ms,362.292
44,10.0.0.180:5000/localmongo:latest,2024-06-03T11:53:27Z,72.2 MiB,2.554 ms,186.04 ms,79.992 ms,59.411 ms,327.997
140,10.0.0.180:5000/localmongo:latest,2024-06-03T11:20:48Z,72.2 MiB,2.578 ms,192.69 ms,82.616 ms,61.069 ms,338.953
178,10.0.0.180:5000/localmongo:latest,2024-06-03T12:57:00Z,72.0 MiB,2.594 ms,192.29 ms,79.533 ms,60.465 ms,334.882
317,10.0.0.180:5000/localmongo:latest,2024-06-03T14:05:58Z,72.5 MiB,2.986 ms,191.54 ms,78.118 ms,60.235 ms,332.879
108,10.0.0.180:5000/localmongo:latest,2024-06-03T11:00:14Z,72.2 MiB,2.587 ms,192.61 ms,76.86 ms,59.257 ms,331.314
10,10.0.0.180:5000/localmongo:latest,2024-06-03T10:02:58Z,72.2 MiB,2.913 ms,208.47 ms,89.599 ms,64.274 ms,365.256
13,10.0.0.180:5000/localmongo:latest,2024-06-03T10:04:16Z,72.2 MiB,2.76 ms,210.33 ms,93.134 ms,67.739 ms,373.963
212,10.0.0.180:5000/localmongo:latest,2024-06-03T13:13:53Z,72.0 MiB,2.732 ms,203.14 ms,79.952 ms,59.766 ms,345.59
152,10.0.0.180:5000/localmongo:latest,2024-06-03T12:45:11Z,72.0 MiB,2.656 ms,176.76 ms,73.804 ms,52.959 ms,306.179
251,10.0.0.180:5000/localmongo:latest,2024-06-03T13:33:38Z,72.0 MiB,2.715 ms,199.53 ms,84.546 ms,61.757 ms,348.548
109,10.0.0.180:5000/localmongo:latest,2024-06-03T11:01:07Z,72.2 MiB,2.755 ms,216.88 ms,95.015 ms,68.926 ms,383.576
231,10.0.0.180:5000/localmongo:latest,2024-06-03T13:22:08Z,72.0 MiB,2.698 ms,207.42 ms,84.217 ms,61.036 ms,355.371
123,10.0.0.180:5000/localmongo:latest,2024-06-03T11:10:43Z,72.2 MiB,2.709 ms,187.26 ms,83.39 ms,59.584 ms,332.943
354,10.0.0.180:5000/localmongo:latest,2024-06-03T14:22:02Z,72.5 MiB,2.602 ms,201.32 ms,88.916 ms,63.444 ms,356.282
141,10.0.0.180:5000/localmongo:latest,2024-06-03T12:40:20Z,72.0 MiB,2.783 ms,205.53 ms,94.682 ms,69.509 ms,372.504
103,10.0.0.180:5000/localmongo:latest,2024-06-03T10:57:10Z,72.2 MiB,2.706 ms,202.91 ms,89.711 ms,64.736 ms,360.063
692,10.0.0.180:5000/localmongo:latest,2024-06-03T16:15:39Z,74.0 MiB,2.321 ms,225.26 ms,105.81 ms,80.685 ms,414.076
27,10.0.0.180:5000/localmongo:latest,2024-06-03T10:10:36Z,72.2 MiB,2.681 ms,210.42 ms,92.851 ms,67.69 ms,373.642
87,10.0.0.180:5000/localmongo:latest,2024-06-03T12:14:19Z,72.2 MiB,3.392 ms,202.92 ms,80.523 ms,57.884 ms,344.719
304,10.0.0.180:5000/localmongo:latest,2024-06-03T13:58:02Z,72.4 MiB,2.755 ms,203.26 ms,83.699 ms,62.726 ms,352.44
55,10.0.0.180:5000/localmongo:latest,2024-06-03T12:00:48Z,72.2 MiB,2.711 ms,189.04 ms,74.326 ms,55.555 ms,321.632
275,10.0.0.180:5000/localmongo:latest,2024-06-03T13:44:29Z,72.0 MiB,2.566 ms,195.7 ms,82.65 ms,61.407 ms,342.323
45,10.0.0.180:5000/localmongo:latest,2024-06-03T10:18:49Z,72.2 MiB,3.027 ms,198.27 ms,85.271 ms,62.957 ms,349.525
686,10.0.0.180:5000/localmongo:latest,2024-06-03T16:12:58Z,74.0 MiB,2.802 ms,222.04 ms,93.777 ms,68.531 ms,387.15
338,10.0.0.180:5000/localmongo:latest,2024-06-03T14:15:08Z,72.5 MiB,2.778 ms,203.46 ms,83.174 ms,61.725 ms,351.137
129,10.0.0.180:5000/localmongo:latest,2024-06-03T11:13:46Z,72.2 MiB,2.74 ms,199.67 ms,82.041 ms,61.402 ms,345.853
4,10.0.0.180:5000/localmongo:latest,2024-06-03T11:36:04Z,72.2 MiB,2.816 ms,204.15 ms,85.218 ms,61.013 ms,353.197
121,10.0.0.180:5000/localmongo:latest,2024-06-03T12:31:28Z,72.0 MiB,2.668 ms,193.5 ms,73.675 ms,51.554 ms,321.397
27,10.0.0.180:5000/localmongo:latest,2024-06-03T11:46:00Z,72.2 MiB,2.676 ms,203.57 ms,83.529 ms,62.224 ms,351.999
76,10.0.0.180:5000/localmongo:latest,2024-06-03T10:36:53Z,72.4 MiB,2.7 ms,213.12 ms,87.041 ms,62.986 ms,365.847
132,10.0.0.180:5000/localmongo:latest,2024-06-03T12:36:22Z,72.0 MiB,2.625 ms,209.38 ms,88.305 ms,62.239 ms,362.549
136,10.0.0.180:5000/localmongo:latest,2024-06-03T12:38:07Z,72.0 MiB,2.617 ms,208.67 ms,89.356 ms,62.839 ms,363.482
590,10.0.0.180:5000/localmongo:latest,2024-06-03T15:25:03Z,73.9 MiB,3.074 ms,232.04 ms,98.156 ms,71.865 ms,405.135
72,10.0.0.180:5000/localmongo:latest,2024-06-03T12:08:03Z,72.2 MiB,2.768 ms,186.43 ms,76.008 ms,54.802 ms,320.008
24,10.0.0.180:5000/localmongo:latest,2024-06-03T11:44:41Z,72.2 MiB,2.695 ms,207.67 ms,85.645 ms,61.325 ms,357.335
12,10.0.0.180:5000/localmongo:latest,2024-06-03T10:03:50Z,72.2 MiB,2.679 ms,196.58 ms,73.351 ms,53.886 ms,326.496
115,10.0.0.180:5000/localmongo:latest,2024-06-03T11:05:02Z,72.2 MiB,2.799 ms,203.94 ms,84.58 ms,63.455 ms,354.774
625,10.0.0.180:5000/localmongo:latest,2024-06-03T15:43:12Z,73.9 MiB,2.822 ms,199.99 ms,85.239 ms,66.653 ms,354.704
589,10.0.0.180:5000/localmongo:latest,2024-06-03T15:24:34Z,73.9 MiB,2.694 ms,200.69 ms,86.47 ms,66.466 ms,356.32
230,10.0.0.180:5000/localmongo:latest,2024-06-03T13:21:41Z,72.0 MiB,2.674 ms,208.56 ms,86.555 ms,60.855 ms,358.644
70,10.0.0.180:5000/localmongo:latest,2024-06-03T12:07:15Z,72.2 MiB,2.944 ms,217.51 ms,96.729 ms,72.952 ms,390.135
70,10.0.0.180:5000/localmongo:latest,2024-06-03T10:32:32Z,72.4 MiB,2.654 ms,203 ms,81.327 ms,60.837 ms,347.818
316,10.0.0.180:5000/localmongo:latest,2024-06-03T14:05:31Z,72.5 MiB,2.739 ms,186.17 ms,72.267 ms,52.235 ms,313.411
240,10.0.0.180:5000/localmongo:latest,2024-06-03T13:26:31Z,72.0 MiB,2.761 ms,203.39 ms,84.287 ms,63.387 ms,353.825
184,10.0.0.180:5000/localmongo:latest,2024-06-03T13:01:46Z,72.0 MiB,2.594 ms,193.48 ms,87.869 ms,65.999 ms,349.942
200,10.0.0.180:5000/localmongo:latest,2024-06-03T13:08:42Z,72.0 MiB,2.831 ms,208.16 ms,84.215 ms,60.151 ms,355.357
301,10.0.0.180:5000/localmongo:latest,2024-06-03T13:56:14Z,72.4 MiB,2.549 ms,185.18 ms,80.75 ms,59.649 ms,328.128
673,10.0.0.180:5000/localmongo:latest,2024-06-03T16:07:06Z,74.0 MiB,2.719 ms,199.13 ms,84.377 ms,61.139 ms,347.365
325,10.0.0.180:5000/localmongo:latest,2024-06-03T14:09:31Z,72.5 MiB,2.599 ms,194.87 ms,87.552 ms,64.165 ms,349.186
59,10.0.0.180:5000/localmongo:latest,2024-06-03T10:25:04Z,72.4 MiB,2.69 ms,195.79 ms,78.946 ms,55.25 ms,332.676
161,10.0.0.180:5000/localmongo:latest,2024-06-03T12:49:07Z,72.0 MiB,2.689 ms,195.02 ms,85.407 ms,60.579 ms,343.695
127,10.0.0.180:5000/localmongo:latest,2024-06-03T12:34:08Z,72.0 MiB,2.822 ms,215.22 ms,88.557 ms,63.247 ms,369.846
158,10.0.0.180:5000/localmongo:latest,2024-06-03T12:47:50Z,72.0 MiB,2.574 ms,186.35 ms,74.666 ms,55.809 ms,319.399
60,10.0.0.180:5000/localmongo:latest,2024-06-03T12:02:56Z,72.2 MiB,2.845 ms,194.5 ms,77.52 ms,54.878 ms,329.743
346,10.0.0.180:5000/localmongo:latest,2024-06-03T14:18:38Z,72.5 MiB,2.938 ms,204.39 ms,87.672 ms,62.963 ms,357.963
612,10.0.0.180:5000/localmongo:latest,2024-06-03T15:37:24Z,73.9 MiB,2.602 ms,205.65 ms,86.861 ms,66.097 ms,361.21
132,10.0.0.180:5000/localmongo:latest,2024-06-03T11:15:58Z,72.2 MiB,2.691 ms,191.7 ms,81.989 ms,61.241 ms,337.621
601,10.0.0.180:5000/localmongo:latest,2024-06-03T15:32:31Z,73.9 MiB,2.724 ms,201.98 ms,85.855 ms,64.083 ms,354.642
159,10.0.0.180:5000/localmongo:latest,2024-06-03T12:48:15Z,72.0 MiB,2.749 ms,210.38 ms,88.338 ms,62.536 ms,364.003
90,10.0.0.180:5000/localmongo:latest,2024-06-03T10:47:04Z,72.0 MiB,3.036 ms,194.35 ms,80.091 ms,60.565 ms,338.042
700,10.0.0.180:5000/localmongo:latest,2024-06-03T16:19:14Z,74.0 MiB,2.66 ms,207.93 ms,89.097 ms,64.522 ms,364.209
172,10.0.0.180:5000/localmongo:latest,2024-06-03T12:53:55Z,72.0 MiB,2.638 ms,183.21 ms,79.832 ms,60.522 ms,326.202
239,10.0.0.180:5000/localmongo:latest,2024-06-03T13:25:38Z,72.0 MiB,2.572 ms,199.38 ms,80.62 ms,60.331 ms,342.903
672,10.0.0.180:5000/localmongo:latest,2024-06-03T16:06:39Z,74.0 MiB,2.758 ms,219.04 ms,95.214 ms,70.468 ms,387.48
140,10.0.0.180:5000/localmongo:latest,2024-06-03T12:39:53Z,72.0 MiB,2.722 ms,205.91 ms,82.948 ms,58.5 ms,350.08
318,10.0.0.180:5000/localmongo:latest,2024-06-03T14:06:25Z,72.5 MiB,2.853 ms,170.96 ms,74.219 ms,52.609 ms,300.641
695,10.0.0.180:5000/localmongo:latest,2024-06-03T16:17:00Z,74.0 MiB,2.595 ms,183.25 ms,85.067 ms,64.511 ms,335.423
631,10.0.0.180:5000/localmongo:latest,2024-06-03T15:45:51Z,73.9 MiB,2.859 ms,190.95 ms,77.772 ms,53.888 ms,325.469
207,10.0.0.180:5000/localmongo:latest,2024-06-03T13:11:43Z,72.0 MiB,2.661 ms,193.12 ms,84.827 ms,60.426 ms,341.034
229,10.0.0.180:5000/localmongo:latest,2024-06-03T13:21:15Z,72.0 MiB,2.763 ms,207.22 ms,87.459 ms,63.002 ms,360.444
358,10.0.0.180:5000/localmongo:latest,2024-06-03T14:23:49Z,72.5 MiB,2.829 ms,198.56 ms,85.919 ms,61.837 ms,349.145
126,10.0.0.180:5000/localmongo:latest,2024-06-03T11:12:28Z,72.2 MiB,2.616 ms,193.54 ms,80.438 ms,60.922 ms,337.516
94,10.0.0.180:5000/localmongo:latest,2024-06-03T10:50:34Z,72.1 MiB,2.728 ms,212.62 ms,92.561 ms,67.824 ms,375.733
71,10.0.0.180:5000/localmongo:latest,2024-06-03T12:07:39Z,72.2 MiB,2.912 ms,186.26 ms,77.322 ms,53.954 ms,320.448
267,10.0.0.180:5000/localmongo:latest,2024-06-03T13:40:55Z,72.0 MiB,2.893 ms,208.57 ms,80.021 ms,56.374 ms,347.858
598,10.0.0.180:5000/localmongo:latest,2024-06-03T15:30:48Z,73.9 MiB,2.663 ms,200.11 ms,83.7 ms,63.573 ms,350.046
284,10.0.0.180:5000/localmongo:latest,2024-06-03T13:48:31Z,72.0 MiB,2.724 ms,195.15 ms,81.953 ms,61.25 ms,341.077
147,10.0.0.180:5000/localmongo:latest,2024-06-03T12:43:01Z,72.0 MiB,2.731 ms,196.36 ms,80.228 ms,58.274 ms,337.593
8,10.0.0.180:5000/localmongo:latest,2024-06-03T11:37:48Z,72.2 MiB,2.775 ms,214.55 ms,85.263 ms,61.268 ms,363.856
3,10.0.0.180:5000/localmongo:latest,2024-06-03T11:35:38Z,72.2 MiB,2.751 ms,204.32 ms,86.019 ms,61.191 ms,354.281
242,10.0.0.180:5000/localmongo:latest,2024-06-03T13:28:16Z,72.0 MiB,2.596 ms,194.79 ms,86.846 ms,62.035 ms,346.267
708,10.0.0.180:5000/localmongo:latest,2024-06-03T16:22:50Z,74.0 MiB,2.502 ms,197.68 ms,90.921 ms,68.746 ms,359.849
43,10.0.0.180:5000/localmongo:latest,2024-06-03T11:53:00Z,72.2 MiB,2.586 ms,197.49 ms,85.688 ms,60.646 ms,346.41
269,10.0.0.180:5000/localmongo:latest,2024-06-03T13:41:47Z,72.0 MiB,2.699 ms,197.33 ms,80.312 ms,61.476 ms,341.817
274,10.0.0.180:5000/localmongo:latest,2024-06-03T13:44:01Z,72.0 MiB,2.643 ms,206.04 ms,88.154 ms,63.17 ms,360.007
606,10.0.0.180:5000/localmongo:latest,2024-06-03T15:34:44Z,73.9 MiB,3.977 ms,192.4 ms,79.13 ms,59.126 ms,334.633
146,10.0.0.180:5000/localmongo:latest,2024-06-03T12:42:33Z,72.0 MiB,2.545 ms,177.38 ms,78.047 ms,57.32 ms,315.292
684,10.0.0.180:5000/localmongo:latest,2024-06-03T16:12:04Z,74.0 MiB,2.724 ms,199.96 ms,89.546 ms,65.2 ms,357.43
16,10.0.0.180:5000/localmongo:latest,2024-06-03T10:05:38Z,72.2 MiB,2.534 ms,180.91 ms,76.548 ms,54.759 ms,314.751
627,10.0.0.180:5000/localmongo:latest,2024-06-03T15:44:05Z,73.9 MiB,1.814 ms,188.32 ms,82.845 ms,64.668 ms,337.647
727,10.0.0.180:5000/localmongo:latest,2024-06-03T16:31:13Z,74.0 MiB,2.673 ms,207.8 ms,89.332 ms,64.706 ms,364.511
111,10.0.0.180:5000/localmongo:latest,2024-06-03T11:01:58Z,72.2 MiB,2.737 ms,198.39 ms,77.522 ms,60.066 ms,338.715
613,10.0.0.180:5000/localmongo:latest,2024-06-03T15:37:51Z,73.9 MiB,2.852 ms,190.38 ms,71.402 ms,53.522 ms,318.156
77,10.0.0.180:5000/localmongo:latest,2024-06-03T12:10:05Z,72.2 MiB,2.817 ms,195.75 ms,76.241 ms,57.741 ms,332.549
137,10.0.0.180:5000/localmongo:latest,2024-06-03T12:38:32Z,72.0 MiB,2.775 ms,207.74 ms,84.642 ms,60.227 ms,355.384
310,10.0.0.180:5000/localmongo:latest,2024-06-03T14:02:51Z,72.5 MiB,2.106 ms,187.36 ms,78.278 ms,60.002 ms,327.746
21,10.0.0.180:5000/localmongo:latest,2024-06-03T11:43:23Z,72.2 MiB,2.721 ms,191.46 ms,80.164 ms,61.903 ms,336.248
685,10.0.0.180:5000/localmongo:latest,2024-06-03T16:12:31Z,74.0 MiB,3.028 ms,201.42 ms,86.64 ms,64.859 ms,355.947
205,10.0.0.180:5000/localmongo:latest,2024-06-03T13:10:51Z,72.0 MiB,2.8 ms,209.63 ms,85.708 ms,60.991 ms,359.129
719,10.0.0.180:5000/localmongo:latest,2024-06-03T16:27:41Z,74.0 MiB,2.738 ms,200.38 ms,88.644 ms,64.592 ms,356.354
294,10.0.0.180:5000/localmongo:latest,2024-06-03T13:53:07Z,72.4 MiB,2.747 ms,194.93 ms,80.909 ms,60.972 ms,339.558
616,10.0.0.180:5000/localmongo:latest,2024-06-03T15:39:12Z,73.9 MiB,2.774 ms,202.26 ms,85.865 ms,64.249 ms,355.148
17,10.0.0.180:5000/localmongo:latest,2024-06-03T11:41:38Z,72.2 MiB,2.775 ms,200.3 ms,77.875 ms,60.361 ms,341.311
711,10.0.0.180:5000/localmongo:latest,2024-06-03T16:24:10Z,74.0 MiB,2.71 ms,201.66 ms,83.43 ms,64.725 ms,352.525
105,10.0.0.180:5000/localmongo:latest,2024-06-03T12:21:46Z,71.9 MiB,2.652 ms,205.47 ms,87.898 ms,63.456 ms,359.476
120,10.0.0.180:5000/localmongo:latest,2024-06-03T11:08:32Z,72.2 MiB,3.834 ms,196.51 ms,83.642 ms,61.27 ms,345.256
42,10.0.0.180:5000/localmongo:latest,2024-06-03T10:17:27Z,72.2 MiB,2.652 ms,201.73 ms,87.73 ms,63.4 ms,355.512
195,10.0.0.180:5000/localmongo:latest,2024-06-03T13:06:33Z,72.0 MiB,2.638 ms,203.04 ms,82.685 ms,58.794 ms,347.157
186,10.0.0.180:5000/localmongo:latest,2024-06-03T13:02:39Z,72.0 MiB,2.744 ms,189.42 ms,79.082 ms,58.045 ms,329.291
157,10.0.0.180:5000/localmongo:latest,2024-06-03T12:47:24Z,72.0 MiB,2.723 ms,201.17 ms,81.567 ms,56.565 ms,342.025
89,10.0.0.180:5000/localmongo:latest,2024-06-03T10:46:32Z,72.0 MiB,2.85 ms,201.44 ms,79.381 ms,56.011 ms,339.682
36,10.0.0.180:5000/localmongo:latest,2024-06-03T10:14:45Z,72.2 MiB,2.559 ms,197.72 ms,82.583 ms,60.977 ms,343.839
133,10.0.0.180:5000/localmongo:latest,2024-06-03T12:36:48Z,72.0 MiB,3.034 ms,221.35 ms,91.62 ms,65.872 ms,381.876
277,10.0.0.180:5000/localmongo:latest,2024-06-03T13:45:21Z,72.0 MiB,2.806 ms,215.81 ms,96.025 ms,69.307 ms,383.948
40,10.0.0.180:5000/localmongo:latest,2024-06-03T10:16:34Z,72.2 MiB,2.755 ms,203.78 ms,88.756 ms,64.637 ms,359.928
262,10.0.0.180:5000/localmongo:latest,2024-06-03T13:38:39Z,72.0 MiB,2.618 ms,204.25 ms,78.391 ms,54.052 ms,339.311
12,10.0.0.180:5000/localmongo:latest,2024-06-03T11:39:32Z,72.2 MiB,2.733 ms,210.72 ms,80.753 ms,60.685 ms,354.891
647,10.0.0.180:5000/localmongo:latest,2024-06-03T15:52:52Z,73.9 MiB,2.877 ms,206.97 ms,79.524 ms,55.638 ms,345.009
57,10.0.0.180:5000/localmongo:latest,2024-06-03T10:24:13Z,72.4 MiB,2.759 ms,207.39 ms,87.965 ms,63.475 ms,361.589
59,10.0.0.180:5000/localmongo:latest,2024-06-03T12:02:30Z,72.2 MiB,2.817 ms,196.53 ms,77.012 ms,53.918 ms,330.277
279,10.0.0.180:5000/localmongo:latest,2024-06-03T13:46:16Z,71.9 MiB,2.763 ms,180.33 ms,82.488 ms,58.775 ms,324.356
254,10.0.0.180:5000/localmongo:latest,2024-06-03T13:35:03Z,72.0 MiB,2.694 ms,201.34 ms,85.134 ms,60.69 ms,349.858
329,10.0.0.180:5000/localmongo:latest,2024-06-03T14:11:14Z,72.5 MiB,2.781 ms,204.52 ms,89.201 ms,64.188 ms,360.69
95,10.0.0.180:5000/localmongo:latest,2024-06-03T12:17:32Z,72.2 MiB,2.837 ms,203.22 ms,86.639 ms,61.995 ms,354.691
73,10.0.0.180:5000/localmongo:latest,2024-06-03T10:34:43Z,72.4 MiB,2.779 ms,202.51 ms,86.39 ms,61.77 ms,353.449
145,10.0.0.180:5000/localmongo:latest,2024-06-03T12:42:06Z,72.0 MiB,2.7 ms,182.44 ms,78.231 ms,57.212 ms,320.583
18,10.0.0.180:5000/localmongo:latest,2024-06-03T10:06:32Z,72.2 MiB,3.106 ms,217.93 ms,94.022 ms,68.012 ms,383.07
88,10.0.0.180:5000/localmongo:latest,2024-06-03T12:14:43Z,72.2 MiB,2.223 ms,204.26 ms,88.691 ms,66.063 ms,361.237
56,10.0.0.180:5000/localmongo:latest,2024-06-03T10:23:46Z,72.4 MiB,2.881 ms,226.16 ms,95.334 ms,66.317 ms,390.692
666,10.0.0.180:5000/localmongo:latest,2024-06-03T16:02:38Z,74.0 MiB,2.812 ms,213.98 ms,94.366 ms,69.218 ms,380.376
96,10.0.0.180:5000/localmongo:latest,2024-06-03T12:17:58Z,72.2 MiB,2.685 ms,199.21 ms,85.533 ms,61.083 ms,348.511
364,10.0.0.180:5000/localmongo:latest,2024-06-03T14:26:26Z,72.5 MiB,2.709 ms,187.7 ms,76.746 ms,60.632 ms,327.787
145,10.0.0.180:5000/localmongo:latest,2024-06-03T11:24:18Z,72.2 MiB,2.656 ms,193.28 ms,85.544 ms,61.027 ms,342.507
171,10.0.0.180:5000/localmongo:latest,2024-06-03T12:53:29Z,72.0 MiB,2.736 ms,182.26 ms,79.946 ms,59.235 ms,324.177
314,10.0.0.180:5000/localmongo:latest,2024-06-03T14:04:38Z,72.5 MiB,2.708 ms,206.34 ms,88.677 ms,63.487 ms,361.212
79,10.0.0.180:5000/localmongo:latest,2024-06-03T12:10:56Z,72.2 MiB,2.796 ms,217.24 ms,93.873 ms,70.165 ms,384.074
298,10.0.0.180:5000/localmongo:latest,2024-06-03T13:54:52Z,72.4 MiB,2.56 ms,193.19 ms,78.45 ms,59.716 ms,333.916
112,10.0.0.180:5000/localmongo:latest,2024-06-03T11:02:52Z,72.2 MiB,2.803 ms,207.93 ms,84.699 ms,62.157 ms,357.589
266,10.0.0.180:5000/localmongo:latest,2024-06-03T13:40:28Z,72.0 MiB,2.634 ms,184.9 ms,76.732 ms,60.173 ms,324.439
352,10.0.0.180:5000/localmongo:latest,2024-06-03T14:21:12Z,72.5 MiB,2.632 ms,191.56 ms,81.371 ms,60.243 ms,335.806
222,10.0.0.180:5000/localmongo:latest,2024-06-03T13:18:12Z,72.0 MiB,2.731 ms,185.9 ms,70.553 ms,49.712 ms,308.896
129,10.0.0.180:5000/localmongo:latest,2024-06-03T12:35:01Z,72.0 MiB,1.542 ms,197.9 ms,80.163 ms,62.021 ms,341.626
671,10.0.0.180:5000/localmongo:latest,2024-06-03T16:06:12Z,74.0 MiB,2.662 ms,192.09 ms,83.194 ms,63.059 ms,341.005
723,10.0.0.180:5000/localmongo:latest,2024-06-03T16:29:27Z,74.0 MiB,2.972 ms,198.82 ms,84.602 ms,64.727 ms,351.121
607,10.0.0.180:5000/localmongo:latest,2024-06-03T15:35:12Z,73.9 MiB,2.773 ms,200.08 ms,84.558 ms,66.214 ms,353.625
227,10.0.0.180:5000/localmongo:latest,2024-06-03T13:20:23Z,72.0 MiB,2.743 ms,188.35 ms,80.961 ms,59.732 ms,331.786
359,10.0.0.180:5000/localmongo:latest,2024-06-03T14:24:16Z,72.5 MiB,2.761 ms,205.94 ms,93.798 ms,69.946 ms,372.445
65,10.0.0.180:5000/localmongo:latest,2024-06-03T10:28:36Z,72.4 MiB,2.601 ms,202.28 ms,85.197 ms,64.053 ms,354.131
722,10.0.0.180:5000/localmongo:latest,2024-06-03T16:28:59Z,74.0 MiB,2.705 ms,208.25 ms,88.691 ms,66.78 ms,366.426
306,10.0.0.180:5000/localmongo:latest,2024-06-03T13:59:46Z,72.5 MiB,2.694 ms,198.41 ms,79.574 ms,60.31 ms,340.988
155,10.0.0.180:5000/localmongo:latest,2024-06-03T12:46:30Z,72.0 MiB,2.799 ms,203.68 ms,85.457 ms,61.812 ms,353.748
61,10.0.0.180:5000/localmongo:latest,2024-06-03T10:25:57Z,72.4 MiB,2.753 ms,194.53 ms,86.254 ms,61.801 ms,345.338
339,10.0.0.180:5000/localmongo:latest,2024-06-03T14:15:34Z,72.5 MiB,2.777 ms,211.24 ms,86.788 ms,62.165 ms,362.97
5,10.0.0.180:5000/localmongo:latest,2024-06-03T10:00:42Z,72.2 MiB,2.758 ms,204 ms,87.13 ms,64.361 ms,358.249
121,10.0.0.180:5000/localmongo:latest,2024-06-03T11:08:59Z,72.2 MiB,2.7 ms,204.88 ms,85.193 ms,60.823 ms,353.596
80,10.0.0.180:5000/localmongo:latest,2024-06-03T10:39:58Z,72.2 MiB,2.785 ms,186.93 ms,84.951 ms,61.211 ms,335.877
130,10.0.0.180:5000/localmongo:latest,2024-06-03T12:35:28Z,72.0 MiB,2.626 ms,192.01 ms,74.576 ms,55.303 ms,324.515
357,10.0.0.180:5000/localmongo:latest,2024-06-03T14:23:21Z,72.5 MiB,2.838 ms,198.83 ms,85.777 ms,62.761 ms,350.206
644,10.0.0.180:5000/localmongo:latest,2024-06-03T15:51:30Z,73.9 MiB,2.769 ms,213.12 ms,91.296 ms,67.126 ms,374.311
649,10.0.0.180:5000/localmongo:latest,2024-06-03T15:53:48Z,73.9 MiB,2.815 ms,195.91 ms,81.811 ms,63.768 ms,344.304
718,10.0.0.180:5000/localmongo:latest,2024-06-03T16:27:14Z,74.0 MiB,1.576 ms,165.81 ms,69.945 ms,53.873 ms,291.204
703,10.0.0.180:5000/localmongo:latest,2024-06-03T16:20:35Z,74.0 MiB,2.764 ms,200.2 ms,84.645 ms,63.565 ms,351.174
106,10.0.0.180:5000/localmongo:latest,2024-06-03T12:22:10Z,71.9 MiB,2.725 ms,198.76 ms,83.368 ms,60.473 ms,345.326
139,10.0.0.180:5000/localmongo:latest,2024-06-03T11:19:55Z,72.2 MiB,2.914 ms,188.63 ms,78.724 ms,61.45 ms,331.718
683,10.0.0.180:5000/localmongo:latest,2024-06-03T16:11:38Z,74.0 MiB,2.778 ms,212.99 ms,91.216 ms,67.602 ms,374.586
351,10.0.0.180:5000/localmongo:latest,2024-06-03T14:20:46Z,72.5 MiB,2.843 ms,206.3 ms,82.98 ms,62.246 ms,354.369
118,10.0.0.180:5000/localmongo:latest,2024-06-03T11:07:12Z,72.2 MiB,2.863 ms,187.87 ms,77.324 ms,60.01 ms,328.067
624,10.0.0.180:5000/localmongo:latest,2024-06-03T15:42:45Z,73.9 MiB,2.629 ms,208.72 ms,82.064 ms,64.905 ms,358.318
256,10.0.0.180:5000/localmongo:latest,2024-06-03T13:35:57Z,72.0 MiB,2.579 ms,181.8 ms,79.856 ms,61.189 ms,325.424
360,10.0.0.180:5000/localmongo:latest,2024-06-03T14:24:42Z,72.5 MiB,2.72 ms,193.01 ms,81.718 ms,60.49 ms,337.938
131,10.0.0.180:5000/localmongo:latest,2024-06-03T11:15:32Z,72.2 MiB,2.974 ms,183.69 ms,83.198 ms,63.94 ms,333.802
83,10.0.0.180:5000/localmongo:latest,2024-06-03T10:42:09Z,72.0 MiB,3.027 ms,195.35 ms,79.208 ms,62.007 ms,339.592
602,10.0.0.180:5000/localmongo:latest,2024-06-03T15:32:58Z,73.9 MiB,3.583 ms,199.63 ms,86.638 ms,64.45 ms,354.301
264,10.0.0.180:5000/localmongo:latest,2024-06-03T13:39:34Z,72.0 MiB,2.904 ms,206.05 ms,88.893 ms,63.798 ms,361.645
169,10.0.0.180:5000/localmongo:latest,2024-06-03T12:52:37Z,72.0 MiB,2.492 ms,178.5 ms,72.931 ms,53.052 ms,306.975
166,10.0.0.180:5000/localmongo:latest,2024-06-03T12:51:17Z,72.0 MiB,2.584 ms,206.24 ms,91.805 ms,66.53 ms,367.159
9,10.0.0.180:5000/localmongo:latest,2024-06-03T11:38:14Z,72.2 MiB,2.709 ms,204.18 ms,84.941 ms,62.009 ms,353.839
717,10.0.0.180:5000/localmongo:latest,2024-06-03T16:26:48Z,74.0 MiB,2.772 ms,224.08 ms,88.487 ms,64.881 ms,380.22
19,10.0.0.180:5000/localmongo:latest,2024-06-03T10:06:59Z,72.2 MiB,2.733 ms,205.05 ms,81.265 ms,62.677 ms,351.725
38,10.0.0.180:5000/localmongo:latest,2024-06-03T10:15:39Z,72.2 MiB,2.75 ms,211.61 ms,88.263 ms,63.854 ms,366.477
79,10.0.0.180:5000/localmongo:latest,2024-06-03T10:39:06Z,72.2 MiB,3.13 ms,201.28 ms,89.789 ms,65.14 ms,359.339
9,10.0.0.180:5000/localmongo:latest,2024-06-03T10:02:31Z,72.2 MiB,3.41 ms,216.65 ms,88.403 ms,64.024 ms,372.487
54,10.0.0.180:5000/localmongo:latest,2024-06-03T10:22:53Z,72.2 MiB,2.743 ms,214.16 ms,87.467 ms,63.178 ms,367.548
246,10.0.0.180:5000/localmongo:latest,2024-06-03T13:31:23Z,72.0 MiB,2.741 ms,197.82 ms,77.612 ms,60.012 ms,338.185
144,10.0.0.180:5000/localmongo:latest,2024-06-03T12:41:40Z,72.0 MiB,2.798 ms,203.47 ms,88.987 ms,67.298 ms,362.553
61,10.0.0.180:5000/localmongo:latest,2024-06-03T12:03:24Z,72.2 MiB,2.83 ms,195.98 ms,89.11 ms,64.639 ms,352.559
675,10.0.0.180:5000/localmongo:latest,2024-06-03T16:08:00Z,74.0 MiB,2.615 ms,201.89 ms,88.166 ms,66.377 ms,359.048
104,10.0.0.180:5000/localmongo:latest,2024-06-03T12:21:22Z,71.9 MiB,2.764 ms,205.24 ms,85.771 ms,61.389 ms,355.164
118,10.0.0.180:5000/localmongo:latest,2024-06-03T12:29:39Z,72.0 MiB,2.663 ms,195.14 ms,84.928 ms,61.689 ms,344.42
248,10.0.0.180:5000/localmongo:latest,2024-06-03T13:32:16Z,72.0 MiB,2.735 ms,201.63 ms,77.674 ms,52.301 ms,334.34
85,10.0.0.180:5000/localmongo:latest,2024-06-03T12:13:32Z,72.2 MiB,3.037 ms,191.48 ms,84.06 ms,59.949 ms,338.526
188,10.0.0.180:5000/localmongo:latest,2024-06-03T13:03:30Z,72.0 MiB,2.686 ms,196.25 ms,80.879 ms,59.501 ms,339.316
280,10.0.0.180:5000/localmongo:latest,2024-06-03T13:46:43Z,72.0 MiB,2.863 ms,195.81 ms,84.625 ms,61.863 ms,345.161
113,10.0.0.180:5000/localmongo:latest,2024-06-03T11:03:44Z,72.2 MiB,2.569 ms,194.92 ms,77.248 ms,59.603 ms,334.34
75,10.0.0.180:5000/localmongo:latest,2024-06-03T10:36:28Z,72.4 MiB,2.815 ms,175.88 ms,74.325 ms,53.817 ms,306.837
337,10.0.0.180:5000/localmongo:latest,2024-06-03T14:14:42Z,72.5 MiB,2.752 ms,200.47 ms,86.264 ms,62.538 ms,352.024
2,10.0.0.180:5000/localmongo:latest,2024-06-03T11:35:12Z,72.2 MiB,2.572 ms,182.78 ms,70.747 ms,52.187 ms,308.286
293,10.0.0.180:5000/localmongo:latest,2024-06-03T13:52:40Z,72.4 MiB,2.629 ms,205.61 ms,86.267 ms,62.024 ms,356.53
14,10.0.0.180:5000/localmongo:latest,2024-06-03T11:40:20Z,72.2 MiB,2.709 ms,201.69 ms,84.9 ms,61.618 ms,350.917
110,10.0.0.180:5000/localmongo:latest,2024-06-03T11:01:32Z,72.2 MiB,2.743 ms,208.26 ms,85.695 ms,61.041 ms,357.739
219,10.0.0.180:5000/localmongo:latest,2024-06-03T13:16:55Z,72.0 MiB,2.75 ms,201.63 ms,80.15 ms,60.245 ms,344.775
116,10.0.0.180:5000/localmongo:latest,2024-06-03T11:05:54Z,72.2 MiB,2.733 ms,200.44 ms,86.327 ms,62.484 ms,351.984
133,10.0.0.180:5000/localmongo:latest,2024-06-03T11:16:51Z,72.2 MiB,2.685 ms,209.55 ms,87.377 ms,63.052 ms,362.664
724,10.0.0.180:5000/localmongo:latest,2024-06-03T16:29:54Z,74.0 MiB,2.861 ms,211.82 ms,89.668 ms,65.396 ms,369.745
629,10.0.0.180:5000/localmongo:latest,2024-06-03T15:44:58Z,73.9 MiB,2.733 ms,200.88 ms,83.517 ms,64.586 ms,351.716
626,10.0.0.180:5000/localmongo:latest,2024-06-03T15:43:38Z,73.9 MiB,1.739 ms,173.18 ms,69.988 ms,53.845 ms,298.752
236,10.0.0.180:5000/localmongo:latest,2024-06-03T13:24:19Z,72.0 MiB,2.777 ms,193.33 ms,85.211 ms,60.928 ms,342.246
62,10.0.0.180:5000/localmongo:latest,2024-06-03T12:03:51Z,72.2 MiB,2.222 ms,176.04 ms,74.584 ms,57.443 ms,310.289
110,10.0.0.180:5000/localmongo:latest,2024-06-03T12:23:46Z,71.9 MiB,3.205 ms,211.53 ms,89.429 ms,64.332 ms,368.496
92,10.0.0.180:5000/localmongo:latest,2024-06-03T10:48:49Z,71.9 MiB,2.82 ms,192.23 ms,78.068 ms,53.366 ms,326.484
39,10.0.0.180:5000/localmongo:latest,2024-06-03T11:51:15Z,72.2 MiB,2.622 ms,214.97 ms,90.777 ms,63.855 ms,372.224
84,10.0.0.180:5000/localmongo:latest,2024-06-03T12:13:07Z,72.2 MiB,2.761 ms,203.69 ms,79.82 ms,57.562 ms,343.833
690,10.0.0.180:5000/localmongo:latest,2024-06-03T16:14:47Z,74.0 MiB,2.782 ms,233.19 ms,93.667 ms,68.842 ms,398.481
610,10.0.0.180:5000/localmongo:latest,2024-06-03T15:36:32Z,73.9 MiB,2.211 ms,188.37 ms,82.477 ms,64.998 ms,338.056
713,10.0.0.180:5000/localmongo:latest,2024-06-03T16:25:03Z,74.0 MiB,2.791 ms,210.5 ms,87.902 ms,64.549 ms,365.742
645,10.0.0.180:5000/localmongo:latest,2024-06-03T15:51:58Z,73.9 MiB,2.83 ms,215.12 ms,90.565 ms,65.43 ms,373.945
8,10.0.0.180:5000/localmongo:latest,2024-06-03T10:02:04Z,72.2 MiB,3.077 ms,205.72 ms,87.865 ms,65.851 ms,362.513
232,10.0.0.180:5000/localmongo:latest,2024-06-03T13:22:34Z,72.0 MiB,2.636 ms,200.14 ms,81.355 ms,60.114 ms,344.245
13,10.0.0.180:5000/localmongo:latest,2024-06-03T11:39:57Z,72.2 MiB,2.655 ms,195.78 ms,80.25 ms,61.191 ms,339.876
705,10.0.0.180:5000/localmongo:latest,2024-06-03T16:21:28Z,74.0 MiB,2.607 ms,210.79 ms,92.539 ms,71.18 ms,377.116
349,10.0.0.180:5000/localmongo:latest,2024-06-03T14:19:55Z,72.5 MiB,2.807 ms,219.89 ms,85.628 ms,61.826 ms,370.151
126,10.0.0.180:5000/localmongo:latest,2024-06-03T12:33:41Z,72.0 MiB,2.776 ms,215.78 ms,87.37 ms,62.528 ms,368.454
289,10.0.0.180:5000/localmongo:latest,2024-06-03T13:50:49Z,72.4 MiB,1.829 ms,197.31 ms,87.739 ms,65.808 ms,352.686
134,10.0.0.180:5000/localmongo:latest,2024-06-03T12:37:14Z,72.0 MiB,2.604 ms,189.5 ms,79.415 ms,59.225 ms,330.744
300,10.0.0.180:5000/localmongo:latest,2024-06-03T13:55:47Z,72.4 MiB,2.566 ms,188.85 ms,79.168 ms,60.542 ms,331.126
81,10.0.0.180:5000/localmongo:latest,2024-06-03T10:40:24Z,72.2 MiB,2.905 ms,202.63 ms,87.153 ms,62.867 ms,355.555
111,10.0.0.180:5000/localmongo:latest,2024-06-03T12:24:23Z,71.9 MiB,2.81 ms,219.01 ms,100.53 ms,75.105 ms,397.455
665,10.0.0.180:5000/localmongo:latest,2024-06-03T16:01:46Z,74.0 MiB,2.677 ms,200.55 ms,90.102 ms,65.834 ms,359.163
41,10.0.0.180:5000/localmongo:latest,2024-06-03T10:17:01Z,72.2 MiB,2.771 ms,211.89 ms,89.93 ms,64.865 ms,369.456
710,10.0.0.180:5000/localmongo:latest,2024-06-03T16:23:43Z,74.0 MiB,2.844 ms,218.22 ms,96.664 ms,71.812 ms,389.54
69,10.0.0.180:5000/localmongo:latest,2024-06-03T10:31:39Z,72.4 MiB,2.758 ms,192.9 ms,77.34 ms,60.435 ms,333.433
203,10.0.0.180:5000/localmongo:latest,2024-06-03T13:09:59Z,72.0 MiB,2.687 ms,195.12 ms,84.706 ms,60.781 ms,343.294
37,10.0.0.180:5000/localmongo:latest,2024-06-03T11:50:21Z,72.2 MiB,2.727 ms,213.68 ms,89.555 ms,64.866 ms,370.828
288,10.0.0.180:5000/localmongo:latest,2024-06-03T13:50:21Z,71.9 MiB,2.657 ms,204.8 ms,92.996 ms,68.086 ms,368.539
38,10.0.0.180:5000/localmongo:latest,2024-06-03T11:50:48Z,72.2 MiB,2.719 ms,194.51 ms,77.386 ms,60.043 ms,334.658
162,10.0.0.180:5000/localmongo:latest,2024-06-03T12:49:33Z,72.0 MiB,2.798 ms,195.5 ms,81.998 ms,60.62 ms,340.916
98,10.0.0.180:5000/localmongo:latest,2024-06-03T12:18:52Z,72.2 MiB,2.82 ms,194.16 ms,80.05 ms,60.205 ms,337.235
82,10.0.0.180:5000/localmongo:latest,2024-06-03T10:41:16Z,72.2 MiB,2.625 ms,190.26 ms,82.321 ms,60.663 ms,335.869
1,10.0.0.180:5000/localmongo:latest,2024-06-03T09:58:58Z,72.2 MiB,2.705 ms,194.9 ms,83.989 ms,59.687 ms,341.281
189,10.0.0.180:5000/localmongo:latest,2024-06-03T13:03:56Z,72.0 MiB,2.73 ms,206.34 ms,92.046 ms,66.705 ms,367.821
353,10.0.0.180:5000/localmongo:latest,2024-06-03T14:21:37Z,72.5 MiB,2.861 ms,210.41 ms,85.156 ms,61.526 ms,359.953
100,10.0.0.180:5000/localmongo:latest,2024-06-03T10:54:33Z,72.1 MiB,2.705 ms,182.69 ms,80.678 ms,61.458 ms,327.531
107,10.0.0.180:5000/localmongo:latest,2024-06-03T10:59:48Z,72.2 MiB,2.696 ms,194.23 ms,80.547 ms,60.128 ms,337.601
729,10.0.0.180:5000/localmongo:latest,2024-06-03T16:32:57Z,74.0 MiB,2.633 ms,207.61 ms,89.89 ms,67.198 ms,367.331
667,10.0.0.180:5000/localmongo:latest,2024-06-03T16:03:32Z,74.0 MiB,2.659 ms,209.54 ms,90.046 ms,65.928 ms,368.173
721,10.0.0.180:5000/localmongo:latest,2024-06-03T16:28:33Z,74.0 MiB,3.029 ms,208.13 ms,89.25 ms,64.217 ms,364.626
93,10.0.0.180:5000/localmongo:latest,2024-06-03T12:16:43Z,72.2 MiB,2.725 ms,202.21 ms,87.481 ms,63.054 ms,355.47
213,10.0.0.180:5000/localmongo:latest,2024-06-03T13:14:19Z,72.0 MiB,2.706 ms,192.28 ms,76.779 ms,58.607 ms,330.372
307,10.0.0.180:5000/localmongo:latest,2024-06-03T14:00:38Z,72.5 MiB,2.666 ms,193.06 ms,84.765 ms,60.393 ms,340.884
151,10.0.0.180:5000/localmongo:latest,2024-06-03T12:44:45Z,72.0 MiB,3.221 ms,200.77 ms,81.324 ms,60.298 ms,345.613
57,10.0.0.180:5000/localmongo:latest,2024-06-03T12:01:38Z,72.2 MiB,3.028 ms,195.02 ms,79.55 ms,56.979 ms,334.577
37,10.0.0.180:5000/localmongo:latest,2024-06-03T10:15:12Z,72.2 MiB,2.753 ms,199.88 ms,82.097 ms,60.869 ms,345.599
139,10.0.0.180:5000/localmongo:latest,2024-06-03T12:39:26Z,72.0 MiB,2.728 ms,183.14 ms,72.423 ms,52.469 ms,310.76
31,10.0.0.180:5000/localmongo:latest,2024-06-03T11:47:44Z,72.2 MiB,2.669 ms,186.07 ms,76.704 ms,56.37 ms,321.813
23,10.0.0.180:5000/localmongo:latest,2024-06-03T11:44:16Z,72.2 MiB,2.642 ms,193.61 ms,85.751 ms,61.383 ms,343.386
75,10.0.0.180:5000/localmongo:latest,2024-06-03T12:09:16Z,72.2 MiB,2.77 ms,183.89 ms,75.458 ms,56.181 ms,318.299
335,10.0.0.180:5000/localmongo:latest,2024-06-03T14:13:50Z,72.5 MiB,1.966 ms,173.21 ms,68.717 ms,50.624 ms,294.517
68,10.0.0.180:5000/localmongo:latest,2024-06-03T10:31:14Z,72.4 MiB,3.002 ms,195.54 ms,85.144 ms,61.829 ms,345.515
29,10.0.0.180:5000/localmongo:latest,2024-06-03T11:46:52Z,72.2 MiB,2.766 ms,196.17 ms,82.356 ms,61.602 ms,342.894
142,10.0.0.180:5000/localmongo:latest,2024-06-03T11:22:09Z,72.2 MiB,2.665 ms,195.71 ms,84.24 ms,62.662 ms,345.277
221,10.0.0.180:5000/localmongo:latest,2024-06-03T13:17:46Z,72.0 MiB,2.767 ms,203.2 ms,86.031 ms,61.201 ms,353.199
51,10.0.0.180:5000/localmongo:latest,2024-06-03T11:59:03Z,72.2 MiB,3.617 ms,199.35 ms,79.879 ms,55.702 ms,338.548
143,10.0.0.180:5000/localmongo:latest,2024-06-03T12:41:13Z,72.0 MiB,2.685 ms,237.99 ms,95.16 ms,71.236 ms,407.071
34,10.0.0.180:5000/localmongo:latest,2024-06-03T11:49:04Z,72.2 MiB,2.771 ms,206.94 ms,95.648 ms,70.532 ms,375.891
595,10.0.0.180:5000/localmongo:latest,2024-06-03T15:28:10Z,73.9 MiB,2.813 ms,216.38 ms,93.762 ms,67.415 ms,380.37
49,10.0.0.180:5000/localmongo:latest,2024-06-03T11:57:46Z,72.2 MiB,2.073 ms,183.86 ms,73.211 ms,55.963 ms,315.107
361,10.0.0.180:5000/localmongo:latest,2024-06-03T14:25:08Z,72.5 MiB,2.602 ms,183.78 ms,79.901 ms,60.984 ms,327.267
97,10.0.0.180:5000/localmongo:latest,2024-06-03T10:52:46Z,72.1 MiB,2.741 ms,193.78 ms,78.993 ms,60.968 ms,336.482
98,10.0.0.180:5000/localmongo:latest,2024-06-03T10:53:39Z,72.1 MiB,2.722 ms,211.73 ms,87.496 ms,63.584 ms,365.532
297,10.0.0.180:5000/localmongo:latest,2024-06-03T13:54:26Z,72.4 MiB,2.742 ms,210.61 ms,85.136 ms,61.064 ms,359.552
144,10.0.0.180:5000/localmongo:latest,2024-06-03T11:23:53Z,72.2 MiB,2.7 ms,193.92 ms,79.593 ms,61.123 ms,337.336
10,10.0.0.180:5000/localmongo:latest,2024-06-03T11:38:40Z,72.2 MiB,2.639 ms,196.92 ms,87.525 ms,62.345 ms,349.429
603,10.0.0.180:5000/localmongo:latest,2024-06-03T15:33:24Z,73.9 MiB,2.784 ms,206.44 ms,88.653 ms,64.597 ms,362.474
105,10.0.0.180:5000/localmongo:latest,2024-06-03T10:58:29Z,72.2 MiB,3.143 ms,226.06 ms,103.11 ms,76.376 ms,408.689
600,10.0.0.180:5000/localmongo:latest,2024-06-03T15:32:05Z,73.9 MiB,2.54 ms,187.31 ms,85.543 ms,64.465 ms,339.858
66,10.0.0.180:5000/localmongo:latest,2024-06-03T10:29:29Z,72.4 MiB,2.737 ms,183.75 ms,80.803 ms,60.646 ms,327.936
122,10.0.0.180:5000/localmongo:latest,2024-06-03T11:09:51Z,72.2 MiB,2.56 ms,189.88 ms,87.239 ms,63.362 ms,343.041
303,10.0.0.180:5000/localmongo:latest,2024-06-03T13:57:10Z,72.4 MiB,2.684 ms,203.22 ms,80.053 ms,60.045 ms,346.002
664,10.0.0.180:5000/localmongo:latest,2024-06-03T16:00:54Z,74.0 MiB,2.748 ms,203.67 ms,88.307 ms,64.063 ms,358.788
332,10.0.0.180:5000/localmongo:latest,2024-06-03T14:12:33Z,72.5 MiB,2.763 ms,210.29 ms,79.697 ms,60.446 ms,353.196
30,10.0.0.180:5000/localmongo:latest,2024-06-03T11:47:17Z,72.2 MiB,2.761 ms,206.27 ms,85.404 ms,63.725 ms,358.16
63,10.0.0.180:5000/localmongo:latest,2024-06-03T12:04:18Z,72.2 MiB,2.862 ms,197.18 ms,79.284 ms,56.911 ms,336.237
34,10.0.0.180:5000/localmongo:latest,2024-06-03T10:13:50Z,72.2 MiB,2.716 ms,211.47 ms,86.646 ms,63.833 ms,364.665
291,10.0.0.180:5000/localmongo:latest,2024-06-03T13:51:45Z,72.4 MiB,2.712 ms,195.03 ms,81.119 ms,60.678 ms,339.539
138,10.0.0.180:5000/localmongo:latest,2024-06-03T12:38:59Z,72.0 MiB,2.727 ms,206.54 ms,90.422 ms,66.126 ms,365.815
69,10.0.0.180:5000/localmongo:latest,2024-06-03T12:06:51Z,72.2 MiB,2.926 ms,208.1 ms,81.267 ms,57.202 ms,349.495
618,10.0.0.180:5000/localmongo:latest,2024-06-03T15:40:05Z,73.9 MiB,2.924 ms,221.82 ms,91.93 ms,65.686 ms,382.36
696,10.0.0.180:5000/localmongo:latest,2024-06-03T16:17:26Z,74.0 MiB,2.68 ms,197.83 ms,83.135 ms,64.809 ms,348.454
241,10.0.0.180:5000/localmongo:latest,2024-06-03T13:27:23Z,72.0 MiB,2.642 ms,199.28 ms,85.403 ms,62.224 ms,349.549
1,10.0.0.180:5000/localmongo:latest,2024-06-03T11:34:46Z,72.2 MiB,2.11 ms,189.1 ms,78.041 ms,60.976 ms,330.227
311,10.0.0.180:5000/localmongo:latest,2024-06-03T14:03:18Z,72.5 MiB,2.619 ms,205.47 ms,83.41 ms,60.602 ms,352.101
250,10.0.0.180:5000/localmongo:latest,2024-06-03T13:33:10Z,72.0 MiB,2.733 ms,206.37 ms,85.257 ms,60.668 ms,355.028
726,10.0.0.180:5000/localmongo:latest,2024-06-03T16:30:47Z,74.0 MiB,2.714 ms,215.08 ms,100.47 ms,77.892 ms,396.156
177,10.0.0.180:5000/localmongo:latest,2024-06-03T12:56:08Z,72.0 MiB,2.598 ms,186.63 ms,73.02 ms,52.309 ms,314.557
109,10.0.0.180:5000/localmongo:latest,2024-06-03T12:23:22Z,71.9 MiB,3.097 ms,225.4 ms,107.24 ms,77.627 ms,413.364
648,10.0.0.180:5000/localmongo:latest,2024-06-03T15:53:21Z,73.9 MiB,2.748 ms,202.29 ms,83.222 ms,64.445 ms,352.705
599,10.0.0.180:5000/localmongo:latest,2024-06-03T15:31:38Z,73.9 MiB,2.647 ms,202.6 ms,91.21 ms,68.217 ms,364.674
638,10.0.0.180:5000/localmongo:latest,2024-06-03T15:48:54Z,73.9 MiB,2.861 ms,218.34 ms,103.83 ms,81.531 ms,406.562
632,10.0.0.180:5000/localmongo:latest,2024-06-03T15:46:17Z,73.9 MiB,2.659 ms,200.43 ms,76.176 ms,57.574 ms,336.839
585,10.0.0.180:5000/localmongo:latest,2024-06-03T14:27:18Z,72.5 MiB,2.744 ms,209.81 ms,88.999 ms,64.78 ms,366.333
5,10.0.0.180:5000/localmongo:latest,2024-06-03T11:36:30Z,72.2 MiB,2.652 ms,181.13 ms,79.222 ms,60.99 ms,323.994
36,10.0.0.180:5000/localmongo:latest,2024-06-03T11:49:55Z,72.2 MiB,2.627 ms,194.94 ms,85.986 ms,61.742 ms,345.295
363,10.0.0.180:5000/localmongo:latest,2024-06-03T14:25:59Z,72.5 MiB,2.733 ms,186.86 ms,78.981 ms,60.546 ms,329.12
174,10.0.0.180:5000/localmongo:latest,2024-06-03T12:54:50Z,72.0 MiB,2.727 ms,193.61 ms,81.174 ms,59.883 ms,337.394
681,10.0.0.180:5000/localmongo:latest,2024-06-03T16:10:43Z,74.0 MiB,2.769 ms,207.57 ms,90.269 ms,66.217 ms,366.825
643,10.0.0.180:5000/localmongo:latest,2024-06-03T15:51:04Z,73.9 MiB,2.974 ms,196.44 ms,77.585 ms,54.196 ms,331.195
68,10.0.0.180:5000/localmongo:latest,2024-06-03T12:06:27Z,72.2 MiB,2.62 ms,189 ms,74.68 ms,52.257 ms,318.557
658,10.0.0.180:5000/localmongo:latest,2024-06-03T15:57:48Z,74.0 MiB,2.698 ms,217.16 ms,94.068 ms,67.662 ms,381.588
341,10.0.0.180:5000/localmongo:latest,2024-06-03T14:16:25Z,72.5 MiB,2.682 ms,209.53 ms,89.117 ms,63.784 ms,365.113
95,10.0.0.180:5000/localmongo:latest,2024-06-03T10:51:26Z,72.1 MiB,2.544 ms,197.56 ms,80.402 ms,60.4 ms,340.906
586,10.0.0.180:5000/localmongo:latest,2024-06-03T15:23:10Z,73.9 MiB,2.897 ms,199.08 ms,85.293 ms,66.244 ms,353.514
11,10.0.0.180:5000/localmongo:latest,2024-06-03T11:39:07Z,72.2 MiB,2.692 ms,189.85 ms,80.925 ms,60.425 ms,333.892
39,10.0.0.180:5000/localmongo:latest,2024-06-03T10:16:07Z,72.2 MiB,2.65 ms,188.13 ms,78.419 ms,60.965 ms,330.164
102,10.0.0.180:5000/localmongo:latest,2024-06-03T12:20:31Z,71.9 MiB,3.741 ms,184.87 ms,76.261 ms,53.197 ms,318.069
87,10.0.0.180:5000/localmongo:latest,2024-06-03T10:44:47Z,72.0 MiB,2.929 ms,199.82 ms,82.075 ms,60.622 ms,345.446
165,10.0.0.180:5000/localmongo:latest,2024-06-03T12:50:51Z,72.0 MiB,2.219 ms,195.63 ms,81.83 ms,61.957 ms,341.636
40,10.0.0.180:5000/localmongo:latest,2024-06-03T11:51:42Z,72.2 MiB,2.672 ms,208.92 ms,86.64 ms,61.734 ms,359.966
660,10.0.0.180:5000/localmongo:latest,2024-06-03T15:58:41Z,74.0 MiB,2.693 ms,201.98 ms,80.721 ms,57.723 ms,343.117
92,10.0.0.180:5000/localmongo:latest,2024-06-03T12:16:19Z,72.2 MiB,2.669 ms,186.75 ms,83.915 ms,62.844 ms,336.178
42,10.0.0.180:5000/localmongo:latest,2024-06-03T11:52:34Z,72.2 MiB,2.735 ms,206.33 ms,77.658 ms,60.643 ms,347.366
101,10.0.0.180:5000/localmongo:latest,2024-06-03T10:55:26Z,72.2 MiB,2.701 ms,201.15 ms,81.352 ms,61.917 ms,347.12
93,10.0.0.180:5000/localmongo:latest,2024-06-03T10:49:41Z,71.9 MiB,2.72 ms,200.66 ms,90.556 ms,65.881 ms,359.817
128,10.0.0.180:5000/localmongo:latest,2024-06-03T12:34:34Z,72.0 MiB,2.545 ms,201.2 ms,82.73 ms,61.609 ms,348.084
104,10.0.0.180:5000/localmongo:latest,2024-06-03T10:58:03Z,72.2 MiB,2.648 ms,195.46 ms,85.517 ms,61.83 ms,345.455
259,10.0.0.180:5000/localmongo:latest,2024-06-03T13:37:19Z,72.0 MiB,2.798 ms,212.62 ms,87.576 ms,63.604 ms,366.598
35,10.0.0.180:5000/localmongo:latest,2024-06-03T11:49:29Z,72.2 MiB,2.851 ms,196.35 ms,77.575 ms,61.405 ms,338.181
653,10.0.0.180:5000/localmongo:latest,2024-06-03T15:55:35Z,73.9 MiB,2.737 ms,200.65 ms,88.476 ms,65.118 ms,356.981
594,10.0.0.180:5000/localmongo:latest,2024-06-03T15:27:18Z,73.9 MiB,3.003 ms,202.02 ms,88.819 ms,67.049 ms,360.891
117,10.0.0.180:5000/localmongo:latest,2024-06-03T12:28:46Z,71.9 MiB,2.718 ms,206.99 ms,78.498 ms,53.343 ms,341.549
96,10.0.0.180:5000/localmongo:latest,2024-06-03T10:52:19Z,72.1 MiB,2.635 ms,219.79 ms,98.742 ms,75.576 ms,396.743
640,10.0.0.180:5000/localmongo:latest,2024-06-03T15:49:46Z,73.9 MiB,2.712 ms,195.49 ms,90.881 ms,67.25 ms,356.333
198,10.0.0.180:5000/localmongo:latest,2024-06-03T13:07:52Z,72.0 MiB,2.656 ms,199.41 ms,84.161 ms,60.518 ms,346.745
94,10.0.0.180:5000/localmongo:latest,2024-06-03T12:17:07Z,72.2 MiB,2.82 ms,187.34 ms,76.652 ms,54.453 ms,321.265
64,10.0.0.180:5000/localmongo:latest,2024-06-03T10:27:44Z,72.4 MiB,2.632 ms,193.09 ms,82.46 ms,61.302 ms,339.484
154,10.0.0.180:5000/localmongo:latest,2024-06-03T12:46:03Z,72.0 MiB,2.789 ms,208.3 ms,76.758 ms,58.461 ms,346.308
342,10.0.0.180:5000/localmongo:latest,2024-06-03T14:16:51Z,72.5 MiB,2.703 ms,209.16 ms,85.922 ms,61.129 ms,358.914
623,10.0.0.180:5000/localmongo:latest,2024-06-03T15:42:18Z,73.9 MiB,2.831 ms,215.72 ms,90.608 ms,65.822 ms,374.981
234,10.0.0.180:5000/localmongo:latest,2024-06-03T13:23:26Z,72.0 MiB,2.723 ms,212.51 ms,85.634 ms,61.134 ms,362.001
657,10.0.0.180:5000/localmongo:latest,2024-06-03T15:57:22Z,73.9 MiB,2.832 ms,203.71 ms,82.944 ms,64.704 ms,354.19
674,10.0.0.180:5000/localmongo:latest,2024-06-03T16:07:32Z,74.0 MiB,2.735 ms,214.85 ms,93.231 ms,68.487 ms,379.303
112,10.0.0.180:5000/localmongo:latest,2024-06-03T12:24:49Z,71.9 MiB,2.224 ms,207.51 ms,87.142 ms,61.73 ms,358.606
6,10.0.0.180:5000/localmongo:latest,2024-06-03T10:01:10Z,72.2 MiB,2.803 ms,218.62 ms,90.857 ms,65.601 ms,377.881
56,10.0.0.180:5000/localmongo:latest,2024-06-03T12:01:13Z,72.2 MiB,2.834 ms,191.87 ms,77.278 ms,56.532 ms,328.514
639,10.0.0.180:5000/localmongo:latest,2024-06-03T15:49:20Z,73.9 MiB,2.615 ms,190.47 ms,87.366 ms,65.918 ms,346.369
2,10.0.0.180:5000/localmongo:latest,2024-06-03T09:59:22Z,72.2 MiB,2.941 ms,191.98 ms,79.126 ms,61.517 ms,335.564
276,10.0.0.180:5000/localmongo:latest,2024-06-03T13:44:55Z,72.0 MiB,3.003 ms,203.34 ms,83.769 ms,61.37 ms,351.482
28,10.0.0.180:5000/localmongo:latest,2024-06-03T11:46:27Z,72.2 MiB,2.822 ms,207.44 ms,89.887 ms,64.164 ms,364.313
66,10.0.0.180:5000/localmongo:latest,2024-06-03T12:05:36Z,72.2 MiB,2.85 ms,203.64 ms,90.434 ms,67.546 ms,364.47
258,10.0.0.180:5000/localmongo:latest,2024-06-03T13:36:52Z,72.0 MiB,2.631 ms,199.47 ms,85.583 ms,64.636 ms,352.32
668,10.0.0.180:5000/localmongo:latest,2024-06-03T16:04:23Z,74.0 MiB,2.848 ms,233.74 ms,111.07 ms,78.61 ms,426.268
326,10.0.0.180:5000/localmongo:latest,2024-06-03T14:09:57Z,72.5 MiB,2.569 ms,196.99 ms,89.685 ms,68.067 ms,357.311
699,10.0.0.180:5000/localmongo:latest,2024-06-03T16:18:47Z,74.0 MiB,2.75 ms,199.7 ms,85.226 ms,64.551 ms,352.227
650,10.0.0.180:5000/localmongo:latest,2024-06-03T15:54:16Z,73.9 MiB,2.666 ms,205.41 ms,88.847 ms,66.451 ms,363.374
604,10.0.0.180:5000/localmongo:latest,2024-06-03T15:33:51Z,73.9 MiB,2.71 ms,209.23 ms,91.203 ms,66.092 ms,369.235
107,10.0.0.180:5000/localmongo:latest,2024-06-03T12:22:34Z,71.9 MiB,2.659 ms,207.43 ms,85.763 ms,61.229 ms,357.081
662,10.0.0.180:5000/localmongo:latest,2024-06-03T15:59:34Z,74.0 MiB,2.696 ms,225.36 ms,102.95 ms,78.876 ms,409.882
235,10.0.0.180:5000/localmongo:latest,2024-06-03T13:23:52Z,72.0 MiB,2.693 ms,196.68 ms,82.045 ms,60.782 ms,342.2
663,10.0.0.180:5000/localmongo:latest,2024-06-03T16:00:02Z,74.0 MiB,3.134 ms,220.48 ms,99.033 ms,76.942 ms,399.589
633,10.0.0.180:5000/localmongo:latest,2024-06-03T15:46:43Z,73.9 MiB,2.731 ms,198.98 ms,87.614 ms,65.834 ms,355.159
290,10.0.0.180:5000/localmongo:latest,2024-06-03T13:51:18Z,72.4 MiB,2.831 ms,210.19 ms,89.643 ms,65.056 ms,367.72
175,10.0.0.180:5000/localmongo:latest,2024-06-03T12:55:16Z,72.0 MiB,2.68 ms,209.38 ms,86.908 ms,63.381 ms,362.349
323,10.0.0.180:5000/localmongo:latest,2024-06-03T14:08:37Z,72.5 MiB,2.799 ms,219.92 ms,84.223 ms,60.92 ms,367.862
680,10.0.0.180:5000/localmongo:latest,2024-06-03T16:10:16Z,74.0 MiB,2.637 ms,210.72 ms,90.324 ms,65.727 ms,369.408
659,10.0.0.180:5000/localmongo:latest,2024-06-03T15:58:15Z,74.0 MiB,2.841 ms,191.64 ms,83.145 ms,64.93 ms,342.556
211,10.0.0.180:5000/localmongo:latest,2024-06-03T13:13:28Z,72.0 MiB,2.557 ms,201.65 ms,84.228 ms,60.411 ms,348.846
669,10.0.0.180:5000/localmongo:latest,2024-06-03T16:05:18Z,74.0 MiB,2.787 ms,196.56 ms,88.686 ms,65.522 ms,353.555
218,10.0.0.180:5000/localmongo:latest,2024-06-03T13:16:29Z,72.0 MiB,2.706 ms,201.37 ms,85.053 ms,59.986 ms,349.115
3,10.0.0.180:5000/localmongo:latest,2024-06-03T09:59:48Z,72.2 MiB,2.717 ms,181.85 ms,84.227 ms,63.382 ms,332.176
281,10.0.0.180:5000/localmongo:latest,2024-06-03T13:47:10Z,72.0 MiB,2.125 ms,197.79 ms,83.659 ms,61.897 ms,345.471
694,10.0.0.180:5000/localmongo:latest,2024-06-03T16:16:33Z,74.0 MiB,2.824 ms,227.93 ms,89.695 ms,65.62 ms,386.069
196,10.0.0.180:5000/localmongo:latest,2024-06-03T13:07:00Z,72.0 MiB,2.618 ms,199.74 ms,82.539 ms,61.823 ms,346.72
183,10.0.0.180:5000/localmongo:latest,2024-06-03T13:01:20Z,72.0 MiB,2.598 ms,193.44 ms,76.181 ms,55.328 ms,327.547
130,10.0.0.180:5000/localmongo:latest,2024-06-03T11:14:38Z,72.2 MiB,2.735 ms,209.14 ms,89.213 ms,64.564 ms,365.652
313,10.0.0.180:5000/localmongo:latest,2024-06-03T14:04:11Z,72.5 MiB,2.748 ms,196.22 ms,78.201 ms,59.841 ms,337.01
661,10.0.0.180:5000/localmongo:latest,2024-06-03T15:59:07Z,74.0 MiB,2.954 ms,203.52 ms,82.612 ms,64.287 ms,353.373
53,10.0.0.180:5000/localmongo:latest,2024-06-03T11:59:55Z,72.2 MiB,2.794 ms,195.05 ms,81.282 ms,57.419 ms,336.545
114,10.0.0.180:5000/localmongo:latest,2024-06-03T12:26:09Z,71.9 MiB,2.653 ms,199.25 ms,79.957 ms,56.227 ms,338.087
247,10.0.0.180:5000/localmongo:latest,2024-06-03T13:31:50Z,72.0 MiB,2.662 ms,213.55 ms,85.062 ms,61.408 ms,362.682
179,10.0.0.180:5000/localmongo:latest,2024-06-03T12:57:52Z,72.0 MiB,2.875 ms,187.2 ms,84.72 ms,63.186 ms,337.981
15,10.0.0.180:5000/localmongo:latest,2024-06-03T11:40:46Z,72.2 MiB,2.7 ms,202.44 ms,89.011 ms,64.594 ms,358.745
15,10.0.0.180:5000/localmongo:latest,2024-06-03T10:05:11Z,72.2 MiB,2.759 ms,208.38 ms,87.357 ms,63.68 ms,362.176
143,10.0.0.180:5000/localmongo:latest,2024-06-03T11:23:01Z,72.2 MiB,2.722 ms,206.88 ms,82.489 ms,61.367 ms,353.458
45,10.0.0.180:5000/localmongo:latest,2024-06-03T11:54:18Z,72.2 MiB,2.768 ms,214.91 ms,79.45 ms,57.311 ms,354.439
16,10.0.0.180:5000/localmongo:latest,2024-06-03T11:41:12Z,72.2 MiB,2.971 ms,210.19 ms,86.309 ms,62.554 ms,362.024
197,10.0.0.180:5000/localmongo:latest,2024-06-03T13:07:26Z,72.0 MiB,2.685 ms,219.87 ms,97.503 ms,71.022 ms,391.08
634,10.0.0.180:5000/localmongo:latest,2024-06-03T15:47:10Z,73.9 MiB,2.776 ms,197.75 ms,85.241 ms,64.211 ms,349.978
343,10.0.0.180:5000/localmongo:latest,2024-06-03T14:17:18Z,72.5 MiB,2.798 ms,207.14 ms,87.144 ms,62.71 ms,359.792
22,10.0.0.180:5000/localmongo:latest,2024-06-03T10:08:20Z,72.2 MiB,2.872 ms,218.31 ms,97.744 ms,70.767 ms,389.693
88,10.0.0.180:5000/localmongo:latest,2024-06-03T10:45:40Z,72.0 MiB,2.083 ms,198.97 ms,78.686 ms,61.35 ms,341.089
73,10.0.0.180:5000/localmongo:latest,2024-06-03T12:08:28Z,72.2 MiB,2.826 ms,197.12 ms,83.368 ms,59.139 ms,342.453
83,10.0.0.180:5000/localmongo:latest,2024-06-03T12:12:41Z,72.2 MiB,2.851 ms,197.92 ms,81.482 ms,57.507 ms,339.76
593,10.0.0.180:5000/localmongo:latest,2024-06-03T15:26:25Z,73.9 MiB,3.026 ms,204.73 ms,90.334 ms,65.727 ms,363.817
24,10.0.0.180:5000/localmongo:latest,2024-06-03T10:09:14Z,72.2 MiB,2.734 ms,209.55 ms,84.281 ms,63.912 ms,360.477
84,10.0.0.180:5000/localmongo:latest,2024-06-03T10:43:02Z,72.0 MiB,2.777 ms,210.21 ms,89.217 ms,64.465 ms,366.669
17,10.0.0.180:5000/localmongo:latest,2024-06-03T10:06:05Z,72.2 MiB,2.867 ms,213.68 ms,89.436 ms,64.839 ms,370.822
327,10.0.0.180:5000/localmongo:latest,2024-06-03T14:10:22Z,72.5 MiB,2.687 ms,198.93 ms,82.619 ms,60.905 ms,345.141
138,10.0.0.180:5000/localmongo:latest,2024-06-03T11:19:29Z,72.2 MiB,2.728 ms,198.18 ms,86.934 ms,62.013 ms,349.855
206,10.0.0.180:5000/localmongo:latest,2024-06-03T13:11:17Z,72.0 MiB,2.754 ms,204.35 ms,84.961 ms,60.976 ms,353.041
270,10.0.0.180:5000/localmongo:latest,2024-06-03T13:42:13Z,72.0 MiB,2.614 ms,205.87 ms,88.731 ms,63.89 ms,361.105
689,10.0.0.180:5000/localmongo:latest,2024-06-03T16:14:19Z,74.0 MiB,2.774 ms,214.95 ms,89.387 ms,65.527 ms,372.638
619,10.0.0.180:5000/localmongo:latest,2024-06-03T15:40:31Z,73.9 MiB,1.886 ms,202.6 ms,87.423 ms,65.021 ms,356.93
164,10.0.0.180:5000/localmongo:latest,2024-06-03T12:50:26Z,72.0 MiB,2.76 ms,217.32 ms,96.78 ms,75.626 ms,392.486
85,10.0.0.180:5000/localmongo:latest,2024-06-03T10:43:55Z,72.0 MiB,2.69 ms,194.71 ms,80.524 ms,62.455 ms,340.379
333,10.0.0.180:5000/localmongo:latest,2024-06-03T14:12:59Z,72.5 MiB,2.837 ms,206.85 ms,85.539 ms,60.979 ms,356.205
233,10.0.0.180:5000/localmongo:latest,2024-06-03T13:23:00Z,72.0 MiB,2.527 ms,189.44 ms,84.008 ms,62.887 ms,338.862
709,10.0.0.180:5000/localmongo:latest,2024-06-03T16:23:17Z,74.0 MiB,2.777 ms,196.26 ms,84.221 ms,65.199 ms,348.457
86,10.0.0.180:5000/localmongo:latest,2024-06-03T10:44:21Z,72.0 MiB,1.877 ms,201.08 ms,76.785 ms,59.536 ms,339.278
78,10.0.0.180:5000/localmongo:latest,2024-06-03T12:10:30Z,72.2 MiB,2.706 ms,183.07 ms,76.46 ms,56.071 ms,318.307
214,10.0.0.180:5000/localmongo:latest,2024-06-03T13:14:46Z,72.0 MiB,3.143 ms,195.97 ms,85.815 ms,61.734 ms,346.662
136,10.0.0.180:5000/localmongo:latest,2024-06-03T11:18:09Z,72.2 MiB,2.664 ms,212.09 ms,86.101 ms,61.793 ms,362.648
691,10.0.0.180:5000/localmongo:latest,2024-06-03T16:15:13Z,74.0 MiB,2.663 ms,200.77 ms,87.643 ms,65.909 ms,356.985
176,10.0.0.180:5000/localmongo:latest,2024-06-03T12:55:42Z,72.0 MiB,2.626 ms,187.18 ms,82.848 ms,63.354 ms,336.008
265,10.0.0.180:5000/localmongo:latest,2024-06-03T13:40:01Z,72.0 MiB,2.008 ms,200.28 ms,83.018 ms,62.208 ms,347.514
614,10.0.0.180:5000/localmongo:latest,2024-06-03T15:38:18Z,73.9 MiB,2.75 ms,204.34 ms,89.065 ms,65.475 ms,361.63
1,10.0.0.180:5000/localmongo:latest,2024-06-03T19:29:08Z,68.1 MiB,2.957 ms,214.88 ms,79.494 ms,55.515 ms,352.846
608,10.0.0.180:5000/localmongo:latest,2024-06-03T15:35:39Z,73.9 MiB,2.136 ms,187.98 ms,82.314 ms,65.336 ms,337.766
260,10.0.0.180:5000/localmongo:latest,2024-06-03T13:37:45Z,72.0 MiB,2.726 ms,209.29 ms,88.562 ms,64.072 ms,364.65
33,10.0.0.180:5000/localmongo:latest,2024-06-03T10:13:23Z,72.2 MiB,2.825 ms,198.93 ms,80.747 ms,64.237 ms,346.739
117,10.0.0.180:5000/localmongo:latest,2024-06-03T11:06:20Z,72.2 MiB,2.747 ms,200.97 ms,92.163 ms,68.513 ms,364.393
215,10.0.0.180:5000/localmongo:latest,2024-06-03T13:15:11Z,72.0 MiB,2.773 ms,227.47 ms,101.61 ms,75.302 ms,407.155
63,10.0.0.180:5000/localmongo:latest,2024-06-03T10:27:17Z,72.4 MiB,2.864 ms,211.62 ms,86.111 ms,61.772 ms,362.367
137,10.0.0.180:5000/localmongo:latest,2024-06-03T11:18:36Z,72.2 MiB,2.78 ms,215.87 ms,88.266 ms,63.062 ms,369.978
99,10.0.0.180:5000/localmongo:latest,2024-06-03T12:19:18Z,71.8 MiB,2.532 ms,197.17 ms,87.55 ms,62.9 ms,350.152
28,10.0.0.180:5000/localmongo:latest,2024-06-03T10:11:03Z,72.2 MiB,2.616 ms,196.58 ms,80.248 ms,62.652 ms,342.096
615,10.0.0.180:5000/localmongo:latest,2024-06-03T15:38:45Z,73.9 MiB,2.714 ms,201.5 ms,88.382 ms,67.121 ms,359.717
60,10.0.0.180:5000/localmongo:latest,2024-06-03T10:25:30Z,72.4 MiB,2.821 ms,215.35 ms,87.25 ms,62.016 ms,367.437
7,10.0.0.180:5000/localmongo:latest,2024-06-03T10:01:38Z,72.2 MiB,2.763 ms,209.45 ms,95.839 ms,72.705 ms,380.757
268,10.0.0.180:5000/localmongo:latest,2024-06-03T13:41:21Z,72.0 MiB,2.83 ms,209.35 ms,89.424 ms,64.203 ms,365.807
220,10.0.0.180:5000/localmongo:latest,2024-06-03T13:17:20Z,72.0 MiB,2.887 ms,209.21 ms,83.141 ms,60.636 ms,355.874
97,10.0.0.180:5000/localmongo:latest,2024-06-03T12:18:25Z,72.2 MiB,2.951 ms,210.67 ms,89.353 ms,64.686 ms,367.66
321,10.0.0.180:5000/localmongo:latest,2024-06-03T14:07:44Z,72.5 MiB,2.596 ms,192.65 ms,79.708 ms,59.089 ms,334.043
119,10.0.0.180:5000/localmongo:latest,2024-06-03T12:30:33Z,72.0 MiB,2.747 ms,194.18 ms,84.155 ms,62.765 ms,343.847
78,10.0.0.180:5000/localmongo:latest,2024-06-03T10:38:39Z,72.3 MiB,2.804 ms,231.27 ms,86.679 ms,62.514 ms,383.267
299,10.0.0.180:5000/localmongo:latest,2024-06-03T13:55:20Z,72.4 MiB,2.668 ms,226.57 ms,89.443 ms,64.298 ms,382.979
77,10.0.0.180:5000/localmongo:latest,2024-06-03T10:37:46Z,72.3 MiB,2.698 ms,197.57 ms,79.935 ms,61.44 ms,341.643
712,10.0.0.180:5000/localmongo:latest,2024-06-03T16:24:36Z,74.0 MiB,2.538 ms,185.78 ms,87.352 ms,66.006 ms,341.676
621,10.0.0.180:5000/localmongo:latest,2024-06-03T15:41:24Z,73.9 MiB,2.826 ms,222.09 ms,91.085 ms,65.938 ms,381.939
588,10.0.0.180:5000/localmongo:latest,2024-06-03T15:24:06Z,73.9 MiB,2.812 ms,213.7 ms,92.571 ms,67.007 ms,376.09
285,10.0.0.180:5000/localmongo:latest,2024-06-03T13:48:59Z,72.0 MiB,2.669 ms,225.24 ms,96.472 ms,72.091 ms,396.472
115,10.0.0.180:5000/localmongo:latest,2024-06-03T12:27:01Z,71.9 MiB,2.114 ms,182.55 ms,74.918 ms,54.866 ms,314.448
707,10.0.0.180:5000/localmongo:latest,2024-06-03T16:22:23Z,74.0 MiB,2.75 ms,207.22 ms,90.634 ms,65.787 ms,366.391
202,10.0.0.180:5000/localmongo:latest,2024-06-03T13:09:34Z,72.0 MiB,2.657 ms,191.87 ms,84.104 ms,60.521 ms,339.152
106,10.0.0.180:5000/localmongo:latest,2024-06-03T10:59:21Z,72.2 MiB,2.569 ms,187.26 ms,79.747 ms,60.774 ms,330.35
142,10.0.0.180:5000/localmongo:latest,2024-06-03T12:40:47Z,72.0 MiB,2.752 ms,223.66 ms,93.624 ms,72.871 ms,392.907
7,10.0.0.180:5000/localmongo:latest,2024-06-03T11:37:22Z,72.2 MiB,2.697 ms,201.62 ms,86.27 ms,61.81 ms,352.397
217,10.0.0.180:5000/localmongo:latest,2024-06-03T13:16:03Z,72.0 MiB,2.76 ms,202.67 ms,85.362 ms,60.609 ms,351.401
682,10.0.0.180:5000/localmongo:latest,2024-06-03T16:11:11Z,74.0 MiB,2.612 ms,189.64 ms,88.185 ms,66.165 ms,346.602
210,10.0.0.180:5000/localmongo:latest,2024-06-03T13:13:02Z,72.0 MiB,2.703 ms,237.31 ms,101.74 ms,75.629 ms,417.382
678,10.0.0.180:5000/localmongo:latest,2024-06-03T16:09:22Z,74.0 MiB,2.675 ms,209.66 ms,91.635 ms,66.389 ms,370.359
322,10.0.0.180:5000/localmongo:latest,2024-06-03T14:08:11Z,72.5 MiB,2.857 ms,191.51 ms,76.75 ms,59.644 ms,330.761
131,10.0.0.180:5000/localmongo:latest,2024-06-03T12:35:55Z,72.0 MiB,2.697 ms,214 ms,85.946 ms,60.065 ms,362.708
191,10.0.0.180:5000/localmongo:latest,2024-06-03T13:04:49Z,72.0 MiB,2.662 ms,197.46 ms,84.508 ms,63.265 ms,347.895
295,10.0.0.180:5000/localmongo:latest,2024-06-03T13:53:33Z,72.4 MiB,2.749 ms,205.56 ms,85.392 ms,61.25 ms,354.951
701,10.0.0.180:5000/localmongo:latest,2024-06-03T16:19:41Z,74.0 MiB,2.618 ms,210.87 ms,92.029 ms,67.464 ms,372.981
641,10.0.0.180:5000/localmongo:latest,2024-06-03T15:50:12Z,73.9 MiB,2.817 ms,252.34 ms,135.96 ms,117.68 ms,508.797
609,10.0.0.180:5000/localmongo:latest,2024-06-03T15:36:06Z,73.9 MiB,2.739 ms,204.56 ms,88.878 ms,64.429 ms,360.606
249,10.0.0.180:5000/localmongo:latest,2024-06-03T13:32:43Z,72.0 MiB,2.769 ms,213.85 ms,84.914 ms,65.197 ms,366.73
305,10.0.0.180:5000/localmongo:latest,2024-06-03T13:58:54Z,72.4 MiB,2.729 ms,198.54 ms,86.306 ms,61.793 ms,349.368
193,10.0.0.180:5000/localmongo:latest,2024-06-03T13:05:40Z,72.0 MiB,2.675 ms,192.81 ms,82.167 ms,58.307 ms,335.959
50,10.0.0.180:5000/localmongo:latest,2024-06-03T11:58:37Z,72.2 MiB,2.792 ms,187.05 ms,75.648 ms,55.319 ms,320.809
47,10.0.0.180:5000/localmongo:latest,2024-06-03T11:56:02Z,72.2 MiB,3.208 ms,255.99 ms,136.6 ms,99.043 ms,494.841
702,10.0.0.180:5000/localmongo:latest,2024-06-03T16:20:08Z,74.0 MiB,1.696 ms,180.2 ms,81.022 ms,64.059 ms,326.977
646,10.0.0.180:5000/localmongo:latest,2024-06-03T15:52:25Z,73.9 MiB,2.811 ms,192.22 ms,82.644 ms,64.088 ms,341.763
54,10.0.0.180:5000/localmongo:latest,2024-06-03T12:00:22Z,72.2 MiB,2.867 ms,201.66 ms,81.447 ms,57.305 ms,343.279
100,10.0.0.180:5000/localmongo:latest,2024-06-03T12:19:42Z,71.9 MiB,2.747 ms,187.98 ms,81.407 ms,60.399 ms,332.533
30,10.0.0.180:5000/localmongo:latest,2024-06-03T10:11:58Z,72.2 MiB,2.68 ms,197.88 ms,86.688 ms,62.956 ms,350.204
704,10.0.0.180:5000/localmongo:latest,2024-06-03T16:21:01Z,74.0 MiB,2.678 ms,202.69 ms,88.822 ms,64.399 ms,358.589
141,10.0.0.180:5000/localmongo:latest,2024-06-03T11:21:41Z,72.2 MiB,2.709 ms,225.47 ms,86.604 ms,61.943 ms,376.726
272,10.0.0.180:5000/localmongo:latest,2024-06-03T13:43:07Z,72.0 MiB,2.662 ms,203.93 ms,77.445 ms,60.097 ms,344.134
50,10.0.0.180:5000/localmongo:latest,2024-06-03T10:21:06Z,72.2 MiB,2.588 ms,190.42 ms,82.476 ms,61.373 ms,336.857
148,10.0.0.180:5000/localmongo:latest,2024-06-03T12:43:27Z,72.0 MiB,11.702 ms,189.85 ms,74.735 ms,54.414 ms,330.701
730,10.0.0.180:5000/localmongo:latest,2024-06-03T16:33:49Z,74.0 MiB,2.578 ms,188.77 ms,86.062 ms,64.997 ms,342.407
637,10.0.0.180:5000/localmongo:latest,2024-06-03T15:48:27Z,73.9 MiB,2.799 ms,197.83 ms,85.562 ms,66.118 ms,352.309
48,10.0.0.180:5000/localmongo:latest,2024-06-03T10:20:10Z,72.2 MiB,2.689 ms,205.73 ms,87.281 ms,64.271 ms,359.971
201,10.0.0.180:5000/localmongo:latest,2024-06-03T13:09:08Z,72.0 MiB,2.68 ms,203.88 ms,83.879 ms,60.064 ms,350.503
108,10.0.0.180:5000/localmongo:latest,2024-06-03T12:22:57Z,71.9 MiB,2.536 ms,200.64 ms,81.247 ms,60.631 ms,345.054
44,10.0.0.180:5000/localmongo:latest,2024-06-03T10:18:21Z,72.2 MiB,2.711 ms,225.63 ms,90.249 ms,65.479 ms,384.069
356,10.0.0.180:5000/localmongo:latest,2024-06-03T14:22:55Z,72.5 MiB,2.709 ms,193.63 ms,78.803 ms,61.487 ms,336.629
26,10.0.0.180:5000/localmongo:latest,2024-06-03T10:10:09Z,72.2 MiB,2.746 ms,203.94 ms,88.066 ms,63.084 ms,357.836
315,10.0.0.180:5000/localmongo:latest,2024-06-03T14:05:04Z,72.5 MiB,2.615 ms,201.46 ms,85.636 ms,60.715 ms,350.426
58,10.0.0.180:5000/localmongo:latest,2024-06-03T12:02:04Z,72.2 MiB,2.705 ms,190.66 ms,76.182 ms,57.902 ms,327.449
676,10.0.0.180:5000/localmongo:latest,2024-06-03T16:08:27Z,74.0 MiB,2.792 ms,210.87 ms,90.956 ms,66.43 ms,371.048
168,10.0.0.180:5000/localmongo:latest,2024-06-03T12:52:10Z,72.0 MiB,3.025 ms,198.94 ms,82.615 ms,61.022 ms,345.602
334,10.0.0.180:5000/localmongo:latest,2024-06-03T14:13:25Z,72.5 MiB,3.813 ms,200.6 ms,82.617 ms,62.114 ms,349.144
216,10.0.0.180:5000/localmongo:latest,2024-06-03T13:15:37Z,72.0 MiB,2.718 ms,191.71 ms,80.253 ms,59.045 ms,333.726
134,10.0.0.180:5000/localmongo:latest,2024-06-03T11:17:17Z,72.2 MiB,2.691 ms,215.8 ms,83.366 ms,62.43 ms,364.287
91,10.0.0.180:5000/localmongo:latest,2024-06-03T12:15:55Z,72.2 MiB,2.813 ms,184.84 ms,79.695 ms,57.957 ms,325.305
32,10.0.0.180:5000/localmongo:latest,2024-06-03T10:12:54Z,72.2 MiB,2.655 ms,187.72 ms,72.198 ms,51.942 ms,314.515
283,10.0.0.180:5000/localmongo:latest,2024-06-03T13:48:03Z,72.0 MiB,2.782 ms,197.87 ms,79.867 ms,60.933 ms,341.452
18,10.0.0.180:5000/localmongo:latest,2024-06-03T11:42:04Z,72.2 MiB,2.733 ms,202.07 ms,86.485 ms,61.751 ms,353.039
120,10.0.0.180:5000/localmongo:latest,2024-06-03T12:31:01Z,72.0 MiB,2.655 ms,214.11 ms,91.126 ms,66.111 ms,374.002
81,10.0.0.180:5000/localmongo:latest,2024-06-03T12:11:47Z,72.2 MiB,2.802 ms,197.71 ms,77.719 ms,56.86 ms,335.091
628,10.0.0.180:5000/localmongo:latest,2024-06-03T15:44:32Z,73.9 MiB,2.761 ms,208.69 ms,91.401 ms,65.398 ms,368.25
20,10.0.0.180:5000/localmongo:latest,2024-06-03T11:42:56Z,72.2 MiB,2.72 ms,211.87 ms,89.844 ms,64.73 ms,369.164
253,10.0.0.180:5000/localmongo:latest,2024-06-03T13:34:33Z,72.0 MiB,2.736 ms,195.54 ms,80.669 ms,59.961 ms,338.906
261,10.0.0.180:5000/localmongo:latest,2024-06-03T13:38:13Z,72.0 MiB,2.913 ms,196.91 ms,85.565 ms,61.582 ms,346.97
344,10.0.0.180:5000/localmongo:latest,2024-06-03T14:17:44Z,72.5 MiB,2.688 ms,198.53 ms,86.939 ms,63.016 ms,351.173
226,10.0.0.180:5000/localmongo:latest,2024-06-03T13:19:57Z,72.0 MiB,2.672 ms,206.35 ms,89.702 ms,64.357 ms,363.081
698,10.0.0.180:5000/localmongo:latest,2024-06-03T16:18:21Z,74.0 MiB,2.754 ms,200.09 ms,88.716 ms,66.225 ms,357.785
587,10.0.0.180:5000/localmongo:latest,2024-06-03T15:23:38Z,73.9 MiB,2.819 ms,211.83 ms,91.867 ms,66.255 ms,372.771
99,10.0.0.180:5000/localmongo:latest,2024-06-03T10:54:06Z,72.1 MiB,2.699 ms,213.6 ms,97.679 ms,71.89 ms,385.868
135,10.0.0.180:5000/localmongo:latest,2024-06-03T12:37:41Z,72.0 MiB,2.72 ms,232.37 ms,105.25 ms,79.108 ms,419.448
149,10.0.0.180:5000/localmongo:latest,2024-06-03T12:43:53Z,72.0 MiB,2.851 ms,192.03 ms,82.307 ms,58.513 ms,335.701
312,10.0.0.180:5000/localmongo:latest,2024-06-03T14:03:44Z,72.5 MiB,2.757 ms,205.72 ms,87.774 ms,62.726 ms,358.977
180,10.0.0.180:5000/localmongo:latest,2024-06-03T12:58:44Z,72.0 MiB,2.692 ms,224.17 ms,98.879 ms,73.448 ms,399.189
67,10.0.0.180:5000/localmongo:latest,2024-06-03T12:06:02Z,72.2 MiB,2.868 ms,191.4 ms,76.322 ms,55.069 ms,325.659
153,10.0.0.180:5000/localmongo:latest,2024-06-03T12:45:37Z,72.0 MiB,2.68 ms,195.23 ms,82.429 ms,57.966 ms,338.305
72,10.0.0.180:5000/localmongo:latest,2024-06-03T10:33:51Z,72.4 MiB,2.621 ms,203.17 ms,82.764 ms,61.092 ms,349.647
46,10.0.0.180:5000/localmongo:latest,2024-06-03T11:55:10Z,72.2 MiB,3.122 ms,222.34 ms,99.654 ms,77.578 ms,402.694
22,10.0.0.180:5000/localmongo:latest,2024-06-03T11:43:50Z,72.2 MiB,2.611 ms,188.72 ms,82.698 ms,61.008 ms,335.037
33,10.0.0.180:5000/localmongo:latest,2024-06-03T11:48:37Z,72.2 MiB,2.636 ms,205.53 ms,92.063 ms,68.147 ms,368.376
320,10.0.0.180:5000/localmongo:latest,2024-06-03T14:07:17Z,72.5 MiB,2.692 ms,208.32 ms,85.71 ms,61.498 ms,358.22
228,10.0.0.180:5000/localmongo:latest,2024-06-03T13:20:49Z,72.0 MiB,2.639 ms,191.65 ms,84.283 ms,62.703 ms,341.275
223,10.0.0.180:5000/localmongo:latest,2024-06-03T13:18:38Z,72.0 MiB,2.732 ms,203.11 ms,87.331 ms,62.643 ms,355.816
167,10.0.0.180:5000/localmongo:latest,2024-06-03T12:51:43Z,72.0 MiB,1.911 ms,184.16 ms,79.445 ms,62.235 ms,327.751
6,10.0.0.180:5000/localmongo:latest,2024-06-03T11:36:56Z,72.2 MiB,2.637 ms,203.55 ms,85.952 ms,61.565 ms,353.704
731,10.0.0.180:5000/localmongo:latest,2024-06-03T16:34:41Z,74.0 MiB,2.621 ms,218.35 ms,89.091 ms,65.184 ms,375.246
296,10.0.0.180:5000/localmongo:latest,2024-06-03T13:53:59Z,72.4 MiB,2.638 ms,198.82 ms,86.316 ms,60.971 ms,348.745
74,10.0.0.180:5000/localmongo:latest,2024-06-03T10:35:35Z,72.4 MiB,2.706 ms,214.34 ms,86.242 ms,62.212 ms,365.5
102,10.0.0.180:5000/localmongo:latest,2024-06-03T10:56:18Z,72.2 MiB,2.813 ms,211.86 ms,85.569 ms,61.265 ms,361.507
190,10.0.0.180:5000/localmongo:latest,2024-06-03T13:04:22Z,72.0 MiB,2.792 ms,214.07 ms,93.714 ms,67.287 ms,377.863
309,10.0.0.180:5000/localmongo:latest,2024-06-03T14:02:24Z,72.5 MiB,2.483 ms,185.16 ms,83.356 ms,61.83 ms,332.829
362,10.0.0.180:5000/localmongo:latest,2024-06-03T14:25:34Z,72.5 MiB,2.735 ms,189.81 ms,79.646 ms,61.577 ms,333.768
14,10.0.0.180:5000/localmongo:latest,2024-06-03T10:04:44Z,72.2 MiB,2.733 ms,196.38 ms,89.495 ms,66.698 ms,355.306
4,10.0.0.180:5000/localmongo:latest,2024-06-03T10:00:15Z,72.2 MiB,2.788 ms,210.69 ms,87.025 ms,64.846 ms,365.349
225,10.0.0.180:5000/localmongo:latest,2024-06-03T13:19:30Z,72.0 MiB,2.696 ms,208.48 ms,85.61 ms,60.839 ms,357.625
697,10.0.0.180:5000/localmongo:latest,2024-06-03T16:17:53Z,74.0 MiB,2.713 ms,221.37 ms,91.098 ms,65.196 ms,380.377
728,10.0.0.180:5000/localmongo:latest,2024-06-03T16:32:05Z,74.0 MiB,2.778 ms,191.39 ms,79.837 ms,61.033 ms,335.038
596,10.0.0.180:5000/localmongo:latest,2024-06-03T15:29:03Z,73.9 MiB,2.712 ms,197.48 ms,85.333 ms,65.19 ms,350.715
2,10.0.0.180:5000/localmongo:latest,2024-06-03T11:26:46Z,72.2 MiB,1.756 ms,177.86 ms,81.708 ms,64.073 ms,325.397
103,10.0.0.180:5000/localmongo:latest,2024-06-03T12:20:58Z,71.9 MiB,2.679 ms,208.11 ms,85.939 ms,61.967 ms,358.695
271,10.0.0.180:5000/localmongo:latest,2024-06-03T13:42:41Z,72.0 MiB,2.72 ms,204.78 ms,88.201 ms,63.356 ms,359.057
654,10.0.0.180:5000/localmongo:latest,2024-06-03T15:56:02Z,73.9 MiB,2.761 ms,202.14 ms,84.154 ms,63.222 ms,352.277
656,10.0.0.180:5000/localmongo:latest,2024-06-03T15:56:55Z,73.9 MiB,2.668 ms,204.56 ms,89.805 ms,65.417 ms,362.45
630,10.0.0.180:5000/localmongo:latest,2024-06-03T15:45:24Z,73.9 MiB,2.816 ms,228 ms,96.853 ms,70.411 ms,398.08
328,10.0.0.180:5000/localmongo:latest,2024-06-03T14:10:48Z,72.5 MiB,2.738 ms,190.14 ms,79.976 ms,59.413 ms,332.267
331,10.0.0.180:5000/localmongo:latest,2024-06-03T14:12:07Z,72.5 MiB,2.497 ms,196.6 ms,81.75 ms,60.927 ms,341.774
76,10.0.0.180:5000/localmongo:latest,2024-06-03T12:09:40Z,72.2 MiB,2.856 ms,191.96 ms,80.138 ms,60.443 ms,335.397
597,10.0.0.180:5000/localmongo:latest,2024-06-03T15:29:56Z,73.9 MiB,2.773 ms,205.47 ms,83.057 ms,64.802 ms,356.102
292,10.0.0.180:5000/localmongo:latest,2024-06-03T13:52:13Z,72.4 MiB,2.817 ms,200.69 ms,86.134 ms,61.424 ms,351.065
355,10.0.0.180:5000/localmongo:latest,2024-06-03T14:22:29Z,72.5 MiB,2.712 ms,209.3 ms,86.705 ms,62.403 ms,361.12
308,10.0.0.180:5000/localmongo:latest,2024-06-03T14:01:30Z,72.5 MiB,2.793 ms,222.97 ms,102.99 ms,76.598 ms,405.351
124,10.0.0.180:5000/localmongo:latest,2024-06-03T12:32:48Z,72.0 MiB,2.734 ms,212.75 ms,80.504 ms,61.585 ms,357.573
651,10.0.0.180:5000/localmongo:latest,2024-06-03T15:54:42Z,73.9 MiB,2.76 ms,214.55 ms,91.293 ms,65.829 ms,374.432
652,10.0.0.180:5000/localmongo:latest,2024-06-03T15:55:08Z,73.9 MiB,2.623 ms,203.13 ms,87.946 ms,66.797 ms,360.496
204,10.0.0.180:5000/localmongo:latest,2024-06-03T13:10:25Z,72.0 MiB,2.597 ms,204.45 ms,85.874 ms,60.909 ms,353.83
173,10.0.0.180:5000/localmongo:latest,2024-06-03T12:54:25Z,72.0 MiB,2.615 ms,184.34 ms,82.615 ms,61.755 ms,331.325
605,10.0.0.180:5000/localmongo:latest,2024-06-03T15:34:18Z,73.9 MiB,2.747 ms,200.77 ms,82.052 ms,64.168 ms,349.737
25,10.0.0.180:5000/localmongo:latest,2024-06-03T10:09:42Z,72.2 MiB,2.817 ms,203.5 ms,85.965 ms,64.774 ms,357.056
82,10.0.0.180:5000/localmongo:latest,2024-06-03T12:12:14Z,72.2 MiB,2.845 ms,202.11 ms,81.203 ms,57.083 ms,343.241
49,10.0.0.180:5000/localmongo:latest,2024-06-03T10:20:39Z,72.2 MiB,2.751 ms,200.09 ms,86.477 ms,61.892 ms,351.21
19,10.0.0.180:5000/localmongo:latest,2024-06-03T11:42:30Z,72.2 MiB,2.672 ms,182.39 ms,77.801 ms,57.668 ms,320.531
150,10.0.0.180:5000/localmongo:latest,2024-06-03T12:44:19Z,72.0 MiB,2.818 ms,222.69 ms,93.856 ms,68.03 ms,387.394
591,10.0.0.180:5000/localmongo:latest,2024-06-03T15:25:30Z,73.9 MiB,2.127 ms,196.76 ms,84.172 ms,65.18 ms,348.239
350,10.0.0.180:5000/localmongo:latest,2024-06-03T14:20:20Z,72.5 MiB,2.753 ms,206.19 ms,78.96 ms,61.044 ms,348.947
679,10.0.0.180:5000/localmongo:latest,2024-06-03T16:09:48Z,74.0 MiB,2.707 ms,210.74 ms,89.752 ms,66.03 ms,369.229
20,10.0.0.180:5000/localmongo:latest,2024-06-03T10:07:26Z,72.2 MiB,2.719 ms,219.31 ms,95.104 ms,67.314 ms,384.447
622,10.0.0.180:5000/localmongo:latest,2024-06-03T15:41:51Z,73.9 MiB,2.771 ms,215.88 ms,95.046 ms,69.038 ms,382.735
224,10.0.0.180:5000/localmongo:latest,2024-06-03T13:19:04Z,72.0 MiB,2.527 ms,191.27 ms,78.543 ms,57.683 ms,330.023
181,10.0.0.180:5000/localmongo:latest,2024-06-03T12:59:36Z,72.0 MiB,2.721 ms,195.26 ms,86.001 ms,64.238 ms,348.22
53,10.0.0.180:5000/localmongo:latest,2024-06-03T10:22:27Z,72.2 MiB,2.783 ms,190.53 ms,80.543 ms,61.638 ms,335.494
127,10.0.0.180:5000/localmongo:latest,2024-06-03T11:12:55Z,72.2 MiB,2.642 ms,190.55 ms,82.266 ms,59.924 ms,335.382
642,10.0.0.180:5000/localmongo:latest,2024-06-03T15:50:37Z,73.9 MiB,2.595 ms,213.6 ms,95.766 ms,70.001 ms,381.962
336,10.0.0.180:5000/localmongo:latest,2024-06-03T14:14:16Z,72.5 MiB,2.738 ms,210.22 ms,89.615 ms,64.676 ms,367.249
687,10.0.0.180:5000/localmongo:latest,2024-06-03T16:13:25Z,74.0 MiB,2.676 ms,213.14 ms,93.586 ms,68.363 ms,377.765
635,10.0.0.180:5000/localmongo:latest,2024-06-03T15:47:35Z,73.9 MiB,2.822 ms,219.7 ms,91.836 ms,69.938 ms,384.296
43,10.0.0.180:5000/localmongo:latest,2024-06-03T10:17:54Z,72.2 MiB,3.611 ms,219.24 ms,89.553 ms,65.595 ms,377.999
592,10.0.0.180:5000/localmongo:latest,2024-06-03T15:25:58Z,73.9 MiB,2.792 ms,200.01 ms,83.245 ms,64.834 ms,350.881
617,10.0.0.180:5000/localmongo:latest,2024-06-03T15:39:38Z,73.9 MiB,2.903 ms,207.9 ms,91.643 ms,65.504 ms,367.95
65,10.0.0.180:5000/localmongo:latest,2024-06-03T12:05:11Z,72.2 MiB,2.786 ms,194.63 ms,78.187 ms,57.329 ms,332.932
113,10.0.0.180:5000/localmongo:latest,2024-06-03T12:25:16Z,71.9 MiB,2.855 ms,217.63 ms,88.064 ms,63.171 ms,371.72
192,10.0.0.180:5000/localmongo:latest,2024-06-03T13:05:14Z,72.0 MiB,2.698 ms,211.72 ms,87.147 ms,63.795 ms,365.36
347,10.0.0.180:5000/localmongo:latest,2024-06-03T14:19:04Z,72.5 MiB,2.861 ms,206.93 ms,87.407 ms,62.848 ms,360.046
706,10.0.0.180:5000/localmongo:latest,2024-06-03T16:21:54Z,74.0 MiB,2.626 ms,207.57 ms,90.198 ms,64.73 ms,365.124
160,10.0.0.180:5000/localmongo:latest,2024-06-03T12:48:40Z,72.0 MiB,2.78 ms,203.94 ms,84.989 ms,60.314 ms,352.023
80,10.0.0.180:5000/localmongo:latest,2024-06-03T12:11:22Z,72.2 MiB,2.866 ms,202.84 ms,81.784 ms,58.707 ms,346.197
125,10.0.0.180:5000/localmongo:latest,2024-06-03T11:11:35Z,72.2 MiB,2.845 ms,212.33 ms,87.228 ms,63.229 ms,365.632
156,10.0.0.180:5000/localmongo:latest,2024-06-03T12:46:57Z,72.0 MiB,2.816 ms,192.24 ms,76.291 ms,57.796 ms,329.143
257,10.0.0.180:5000/localmongo:latest,2024-06-03T13:36:25Z,72.0 MiB,2.753 ms,191.89 ms,81.071 ms,60.126 ms,335.84
47,10.0.0.180:5000/localmongo:latest,2024-06-03T10:19:42Z,72.2 MiB,2.677 ms,200.57 ms,81.899 ms,61.132 ms,346.278
35,10.0.0.180:5000/localmongo:latest,2024-06-03T10:14:18Z,72.2 MiB,2.818 ms,203.64 ms,81.421 ms,63.515 ms,351.394
345,10.0.0.180:5000/localmongo:latest,2024-06-03T14:18:12Z,72.5 MiB,2.707 ms,213.01 ms,82.107 ms,60.365 ms,358.189
340,10.0.0.180:5000/localmongo:latest,2024-06-03T14:15:59Z,72.5 MiB,2.753 ms,195.17 ms,81.011 ms,60.808 ms,339.742
348,10.0.0.180:5000/localmongo:latest,2024-06-03T14:19:30Z,72.5 MiB,2.583 ms,201.38 ms,84.433 ms,60.775 ms,349.171
32,10.0.0.180:5000/localmongo:latest,2024-06-03T11:48:10Z,72.2 MiB,2.683 ms,198.15 ms,85.826 ms,61.94 ms,348.599
21,10.0.0.180:5000/localmongo:latest,2024-06-03T10:07:53Z,72.2 MiB,3.078 ms,211.18 ms,83.001 ms,64.539 ms,361.798
655,10.0.0.180:5000/localmongo:latest,2024-06-03T15:56:28Z,73.9 MiB,2.634 ms,212.94 ms,83.78 ms,65.117 ms,364.471
74,10.0.0.180:5000/localmongo:latest,2024-06-03T12:08:52Z,72.2 MiB,3.017 ms,229.8 ms,98.971 ms,72.481 ms,404.269
273,10.0.0.180:5000/localmongo:latest,2024-06-03T13:43:34Z,72.0 MiB,2.718 ms,209.16 ms,86.476 ms,61.621 ms,359.975
365,10.0.0.180:5000/localmongo:latest,2024-06-03T14:26:52Z,72.5 MiB,2.714 ms,201.76 ms,86.567 ms,62.657 ms,353.698
11,10.0.0.180:5000/localmongo:latest,2024-06-03T10:03:24Z,72.2 MiB,2.723 ms,198.89 ms,91.772 ms,65.667 ms,359.052
91,10.0.0.180:5000/localmongo:latest,2024-06-03T10:47:56Z,71.9 MiB,3.067 ms,217.51 ms,96.366 ms,72.396 ms,389.339
41,10.0.0.180:5000/localmongo:latest,2024-06-03T11:52:07Z,72.2 MiB,2.854 ms,208.85 ms,85.945 ms,61.411 ms,359.06
199,10.0.0.180:5000/localmongo:latest,2024-06-03T13:08:17Z,72.0 MiB,2.601 ms,202.03 ms,80.634 ms,59.889 ms,345.154
252,10.0.0.180:5000/localmongo:latest,2024-06-03T13:34:06Z,72.0 MiB,2.664 ms,187.51 ms,82.318 ms,61.405 ms,333.897
101,10.0.0.180:5000/localmongo:latest,2024-06-03T12:20:06Z,71.9 MiB,2.659 ms,185.41 ms,78.593 ms,60.792 ms,327.454
182,10.0.0.180:5000/localmongo:latest,2024-06-03T13:00:27Z,72.0 MiB,2.586 ms,176.14 ms,74.421 ms,55.103 ms,308.25
135,10.0.0.180:5000/localmongo:latest,2024-06-03T11:17:43Z,72.2 MiB,2.697 ms,215.39 ms,86.186 ms,61.878 ms,366.151
71,10.0.0.180:5000/localmongo:latest,2024-06-03T10:33:25Z,72.4 MiB,2.908 ms,201.71 ms,89.259 ms,63.901 ms,357.778
26,10.0.0.180:5000/localmongo:latest,2024-06-03T11:45:34Z,72.2 MiB,2.683 ms,222.68 ms,105.02 ms,76.538 ms,406.921
688,10.0.0.180:5000/localmongo:latest,2024-06-03T16:13:52Z,74.0 MiB,2.691 ms,204.85 ms,92.775 ms,67.47 ms,367.786
114,10.0.0.180:5000/localmongo:latest,2024-06-03T11:04:09Z,72.2 MiB,2.663 ms,204.89 ms,84.921 ms,61.283 ms,353.757
64,10.0.0.180:5000/localmongo:latest,2024-06-03T12:04:45Z,72.2 MiB,2.764 ms,189.38 ms,75.978 ms,56.372 ms,324.494
86,10.0.0.180:5000/localmongo:latest,2024-06-03T12:13:56Z,72.2 MiB,2.706 ms,202.06 ms,85.231 ms,60.823 ms,350.82
243,10.0.0.180:5000/localmongo:latest,2024-06-03T13:29:10Z,72.0 MiB,2.699 ms,218.8 ms,91.794 ms,65.059 ms,378.352
287,10.0.0.180:5000/localmongo:latest,2024-06-03T13:49:53Z,72.0 MiB,2.631 ms,204.44 ms,88.552 ms,63.994 ms,359.617
23,10.0.0.180:5000/localmongo:latest,2024-06-03T10:08:47Z,72.2 MiB,2.699 ms,213.58 ms,92.402 ms,67.387 ms,376.068
122,10.0.0.180:5000/localmongo:latest,2024-06-03T12:31:55Z,72.0 MiB,2.734 ms,208.77 ms,89.757 ms,64.316 ms,365.577
124,10.0.0.180:5000/localmongo:latest,2024-06-03T11:11:09Z,72.2 MiB,2.69 ms,214.61 ms,89.822 ms,64.653 ms,371.775
715,10.0.0.180:5000/localmongo:latest,2024-06-03T16:25:56Z,74.0 MiB,2.702 ms,216.16 ms,92.151 ms,66.804 ms,377.817
29,10.0.0.180:5000/localmongo:latest,2024-06-03T10:11:31Z,72.2 MiB,2.729 ms,198.82 ms,82.726 ms,61.511 ms,345.786
